NAME,START,END,Network_Distance,Euclidian_Distance,Difference
MBSS_069 - MBSS_070,MBSS_069,MBSS_070,1009.59,817.93,191.66
MBSS_069 - MBSS_072,MBSS_069,MBSS_072,3689.69,2991.84,697.86
MBSS_069 - MBSS_073,MBSS_069,MBSS_073,13993.68,11059.81,2933.87
MBSS_069 - MBSS_074,MBSS_069,MBSS_074,14830.37,11847.97,2982.4
MBSS_069 - MBSS_075,MBSS_069,MBSS_075,20035.96,13189.56,6846.4
MBSS_069 - MBSS_076,MBSS_069,MBSS_076,11764.26,6997.12,4767.14
MBSS_069 - MBSS_079,MBSS_069,MBSS_079,15520.77,4928.63,10592.14
MBSS_069 - MBSS_080,MBSS_069,MBSS_080,17216.22,3450,13766.22
MBSS_069 - MBSS_081,MBSS_069,MBSS_081,17073.54,3637.83,13435.71
MBSS_069 - MBSS_082,MBSS_069,MBSS_082,14723.86,5191.97,9531.89
MBSS_069 - MBSS_083,MBSS_069,MBSS_083,2087.8,1563.61,524.19
MBSS_069 - MBSS_084,MBSS_069,MBSS_084,20108.54,13845.15,6263.39
MBSS_069 - MBSS_085,MBSS_069,MBSS_085,7799.81,6525.7,1274.11
MBSS_069 - MBSS_086,MBSS_069,MBSS_086,6266.55,4772.97,1493.57
MBSS_069 - MBSS_087,MBSS_069,MBSS_087,24334.48,4531.1,19803.37
MBSS_069 - MBSS_088,MBSS_069,MBSS_088,22463.97,3871.16,18592.81
MBSS_069 - MBSS_089,MBSS_069,MBSS_089,21351.08,3097.97,18253.11
MBSS_069 - MBSS_090,MBSS_069,MBSS_090,10506.64,7439.06,3067.57
MBSS_069 - MBSS_091,MBSS_069,MBSS_091,11298.71,7441.13,3857.58
MBSS_070 - MBSS_072,MBSS_070,MBSS_072,2680.1,2371.18,308.92
MBSS_070 - MBSS_073,MBSS_070,MBSS_073,12984.09,10465.25,2518.84
MBSS_070 - MBSS_074,MBSS_070,MBSS_074,13820.78,11258.99,2561.79
MBSS_070 - MBSS_075,MBSS_070,MBSS_075,19026.37,12507.85,6518.52
MBSS_070 - MBSS_076,MBSS_070,MBSS_076,10754.67,6607.23,4147.44
MBSS_070 - MBSS_079,MBSS_070,MBSS_079,14511.17,4849.14,9662.03
MBSS_070 - MBSS_080,MBSS_070,MBSS_080,16206.62,3550.24,12656.39
MBSS_070 - MBSS_081,MBSS_070,MBSS_081,16063.95,3706.52,12357.43
MBSS_070 - MBSS_082,MBSS_070,MBSS_082,13714.27,4981.48,8732.79
MBSS_070 - MBSS_083,MBSS_070,MBSS_083,3097.39,2285.02,812.37
MBSS_070 - MBSS_084,MBSS_070,MBSS_084,19098.95,13100.23,5998.73
MBSS_070 - MBSS_085,MBSS_070,MBSS_085,6790.22,5907.58,882.63
MBSS_070 - MBSS_086,MBSS_070,MBSS_086,5256.96,4085.09,1171.86
MBSS_070 - MBSS_087,MBSS_070,MBSS_087,23324.88,5328.17,17996.71
MBSS_070 - MBSS_088,MBSS_070,MBSS_088,21454.38,4557.12,16897.25
MBSS_070 - MBSS_089,MBSS_070,MBSS_089,20341.49,3795.06,16546.43
MBSS_070 - MBSS_090,MBSS_070,MBSS_090,9497.04,6966.45,2530.6
MBSS_070 - MBSS_091,MBSS_070,MBSS_091,10289.12,7047.83,3241.29
MBSS_072 - MBSS_073,MBSS_072,MBSS_073,10303.99,8095.62,2208.37
MBSS_072 - MBSS_074,MBSS_072,MBSS_074,11140.68,8888.65,2252.03
MBSS_072 - MBSS_075,MBSS_072,MBSS_075,16346.26,10201.97,6144.29
MBSS_072 - MBSS_076,MBSS_072,MBSS_076,8074.57,4411.3,3663.27
MBSS_072 - MBSS_079,MBSS_072,MBSS_079,11831.07,3490.49,8340.58
MBSS_072 - MBSS_080,MBSS_072,MBSS_080,13526.52,3006.95,10519.57
MBSS_072 - MBSS_081,MBSS_072,MBSS_081,13383.85,3023.26,10360.58
MBSS_072 - MBSS_082,MBSS_072,MBSS_082,11034.16,3255.37,7778.8
MBSS_072 - MBSS_083,MBSS_072,MBSS_083,5777.5,4555.37,1222.12
MBSS_072 - MBSS_084,MBSS_072,MBSS_084,16418.85,10930.35,5488.49
MBSS_072 - MBSS_085,MBSS_072,MBSS_085,4110.11,3542.83,567.28
MBSS_072 - MBSS_086,MBSS_072,MBSS_086,2576.85,1814.35,762.51
MBSS_072 - MBSS_087,MBSS_072,MBSS_087,20644.78,6867.1,13777.68
MBSS_072 - MBSS_088,MBSS_072,MBSS_088,18774.28,5596.94,13177.33
MBSS_072 - MBSS_089,MBSS_072,MBSS_089,17661.39,4972.55,12688.84
MBSS_072 - MBSS_090,MBSS_072,MBSS_090,6816.94,4657.24,2159.7
MBSS_072 - MBSS_091,MBSS_072,MBSS_091,7609.01,4837.82,2771.19
MBSS_073 - MBSS_074,MBSS_073,MBSS_074,836.69,798.86,37.83
MBSS_073 - MBSS_075,MBSS_073,MBSS_075,11811.9,2899.93,8911.98
MBSS_073 - MBSS_076,MBSS_073,MBSS_076,8438.98,4795.05,3643.93
MBSS_073 - MBSS_079,MBSS_073,MBSS_079,12195.49,7773.94,4421.55
MBSS_073 - MBSS_080,MBSS_073,MBSS_080,13890.94,9142.84,4748.1
MBSS_073 - MBSS_081,MBSS_073,MBSS_081,13748.26,8954.51,4793.75
MBSS_073 - MBSS_082,MBSS_073,MBSS_082,11398.58,6972.67,4425.91
MBSS_073 - MBSS_083,MBSS_073,MBSS_083,16081.48,12612.09,3469.4
MBSS_073 - MBSS_084,MBSS_073,MBSS_084,11884.49,4806.55,7077.94
MBSS_073 - MBSS_085,MBSS_073,MBSS_085,6193.87,4561.96,1631.92
MBSS_073 - MBSS_086,MBSS_073,MBSS_086,8436.73,6464.86,1971.87
MBSS_073 - MBSS_087,MBSS_073,MBSS_087,21009.2,14104.28,6904.92
MBSS_073 - MBSS_088,MBSS_073,MBSS_088,19138.69,12450.68,6688
MBSS_073 - MBSS_089,MBSS_073,MBSS_089,18025.8,12128.64,5897.16
MBSS_073 - MBSS_090,MBSS_073,MBSS_090,7181.36,3963.13,3218.22
MBSS_073 - MBSS_091,MBSS_073,MBSS_091,7973.43,4463.7,3509.72
MBSS_074 - MBSS_075,MBSS_074,MBSS_075,12648.59,2558.79,10089.81
MBSS_074 - MBSS_076,MBSS_074,MBSS_076,9275.67,5472.64,3803.03
MBSS_074 - MBSS_079,MBSS_074,MBSS_079,13032.18,8458.11,4574.07
MBSS_074 - MBSS_080,MBSS_074,MBSS_080,14727.63,9866.39,4861.24
MBSS_074 - MBSS_081,MBSS_074,MBSS_081,14584.95,9673.9,4911.05
MBSS_074 - MBSS_082,MBSS_074,MBSS_082,12235.27,7670.25,4565.02
MBSS_074 - MBSS_083,MBSS_074,MBSS_083,16918.17,13398.05,3520.13
MBSS_074 - MBSS_084,MBSS_074,MBSS_084,12721.18,4649.13,8072.05
MBSS_074 - MBSS_085,MBSS_074,MBSS_085,7030.56,5358.37,1672.19
MBSS_074 - MBSS_086,MBSS_074,MBSS_086,9273.43,7263.62,2009.8
MBSS_074 - MBSS_087,MBSS_074,MBSS_087,21845.89,14831.23,7014.66
MBSS_074 - MBSS_088,MBSS_074,MBSS_088,19975.38,13164.89,6810.49
MBSS_074 - MBSS_089,MBSS_074,MBSS_089,18862.49,12861.79,6000.71
MBSS_074 - MBSS_090,MBSS_074,MBSS_090,8018.05,4677.22,3340.83
MBSS_074 - MBSS_091,MBSS_074,MBSS_091,8810.12,5116.21,3693.91
MBSS_075 - MBSS_076,MBSS_075,MBSS_076,14481.26,7551.08,6930.18
MBSS_075 - MBSS_079,MBSS_075,MBSS_079,18237.76,10477.72,7760.04
MBSS_075 - MBSS_080,MBSS_075,MBSS_080,19933.21,11719.55,8213.66
MBSS_075 - MBSS_081,MBSS_075,MBSS_081,19790.54,11547.82,8242.72
MBSS_075 - MBSS_082,MBSS_075,MBSS_082,17440.86,9653.15,7787.7
MBSS_075 - MBSS_083,MBSS_075,MBSS_083,22123.76,14752.35,7371.41
MBSS_075 - MBSS_084,MBSS_075,MBSS_084,2801.53,2189.68,611.85
MBSS_075 - MBSS_085,MBSS_075,MBSS_085,12236.15,6733.14,5503.01
MBSS_075 - MBSS_086,MBSS_075,MBSS_086,14479.01,8424.03,6054.99
MBSS_075 - MBSS_087,MBSS_075,MBSS_087,27051.48,16630.59,10420.88
MBSS_075 - MBSS_088,MBSS_075,MBSS_088,25180.97,15034.03,10146.94
MBSS_075 - MBSS_089,MBSS_075,MBSS_089,24068.08,14641.59,9426.49
MBSS_075 - MBSS_090,MBSS_075,MBSS_090,13223.63,6661.01,6562.62
MBSS_075 - MBSS_091,MBSS_075,MBSS_091,14015.71,7264.71,6751
MBSS_076 - MBSS_079,MBSS_076,MBSS_079,3756.51,2985.48,771.03
MBSS_076 - MBSS_080,MBSS_076,MBSS_080,5451.96,4452.43,999.53
MBSS_076 - MBSS_081,MBSS_076,MBSS_081,5309.28,4248.39,1060.89
MBSS_076 - MBSS_082,MBSS_076,MBSS_082,2959.6,2209.43,750.16
MBSS_076 - MBSS_083,MBSS_076,MBSS_083,13852.06,8449.32,5402.74
MBSS_076 - MBSS_084,MBSS_076,MBSS_084,14553.84,9036.98,5516.86
MBSS_076 - MBSS_085,MBSS_076,MBSS_085,3964.45,2398.43,1566.02
MBSS_076 - MBSS_086,MBSS_076,MBSS_086,6207.31,3615.14,2592.18
MBSS_076 - MBSS_087,MBSS_076,MBSS_087,12570.22,9403.61,3166.61
MBSS_076 - MBSS_088,MBSS_076,MBSS_088,10699.71,7713.56,2986.15
MBSS_076 - MBSS_089,MBSS_076,MBSS_089,9586.82,7460.01,2126.82
MBSS_076 - MBSS_090,MBSS_076,MBSS_090,1257.62,924.82,332.8
MBSS_076 - MBSS_091,MBSS_076,MBSS_091,465.55,444.13,21.42
MBSS_079 - MBSS_080,MBSS_079,MBSS_080,1695.45,1665.48,29.97
MBSS_079 - MBSS_081,MBSS_079,MBSS_081,1552.77,1443.42,109.36
MBSS_079 - MBSS_082,MBSS_079,MBSS_082,796.91,835.5,-38.59
MBSS_079 - MBSS_083,MBSS_079,MBSS_083,17608.57,6132.47,11476.1
MBSS_079 - MBSS_084,MBSS_079,MBSS_084,18310.35,11816.66,6493.69
MBSS_079 - MBSS_085,MBSS_079,MBSS_085,7720.96,4295.44,3425.51
MBSS_079 - MBSS_086,MBSS_079,MBSS_086,9963.82,4077.47,5886.35
MBSS_079 - MBSS_087,MBSS_079,MBSS_087,8813.71,6473.31,2340.4
MBSS_079 - MBSS_088,MBSS_079,MBSS_088,6943.2,4759.26,2183.95
MBSS_079 - MBSS_089,MBSS_079,MBSS_089,5830.32,4582.53,1247.78
MBSS_079 - MBSS_090,MBSS_079,MBSS_090,5014.13,3825.43,1188.7
MBSS_079 - MBSS_091,MBSS_079,MBSS_091,4222.06,3358.56,863.5
MBSS_080 - MBSS_081,MBSS_080,MBSS_081,142.68,222.06,-79.39
MBSS_080 - MBSS_082,MBSS_080,MBSS_082,2492.36,2263.15,229.21
MBSS_080 - MBSS_083,MBSS_080,MBSS_083,19304.02,4517.74,14786.27
MBSS_080 - MBSS_084,MBSS_080,MBSS_084,20005.8,12873.5,7132.3
MBSS_080 - MBSS_085,MBSS_080,MBSS_085,9416.41,5163.4,4253.01
MBSS_080 - MBSS_086,MBSS_080,MBSS_086,11659.27,4287.89,7371.38
MBSS_080 - MBSS_087,MBSS_080,MBSS_087,7118.26,4965.07,2153.19
MBSS_080 - MBSS_088,MBSS_080,MBSS_088,5247.75,3316.83,1930.92
MBSS_080 - MBSS_089,MBSS_080,MBSS_089,4134.87,3007.83,1127.04
MBSS_080 - MBSS_090,MBSS_080,MBSS_090,6709.58,5189.28,1520.3
MBSS_080 - MBSS_091,MBSS_080,MBSS_091,5917.51,4865.22,1052.28
MBSS_081 - MBSS_082,MBSS_081,MBSS_082,2349.68,2052.19,297.49
MBSS_081 - MBSS_083,MBSS_081,MBSS_083,19161.34,4731.01,14430.33
MBSS_081 - MBSS_084,MBSS_081,MBSS_084,19863.12,12725.06,7138.06
MBSS_081 - MBSS_085,MBSS_081,MBSS_085,9273.73,5024.49,4249.24
MBSS_081 - MBSS_086,MBSS_081,MBSS_086,11516.59,4222.65,7293.95
MBSS_081 - MBSS_087,MBSS_081,MBSS_087,7260.94,5160.59,2100.35
MBSS_081 - MBSS_088,MBSS_081,MBSS_088,5390.43,3497.72,1892.71
MBSS_081 - MBSS_089,MBSS_081,MBSS_089,4277.54,3212.5,1065.04
MBSS_081 - MBSS_090,MBSS_081,MBSS_090,6566.9,4996.88,1570.03
MBSS_081 - MBSS_091,MBSS_081,MBSS_091,5774.83,4658.09,1116.74
MBSS_082 - MBSS_083,MBSS_082,MBSS_083,16811.66,6520.06,10291.6
MBSS_082 - MBSS_084,MBSS_082,MBSS_084,17513.44,10981.16,6532.28
MBSS_082 - MBSS_085,MBSS_082,MBSS_085,6924.05,3490.76,3433.29
MBSS_082 - MBSS_086,MBSS_082,MBSS_086,9166.91,3486.22,5680.69
MBSS_082 - MBSS_087,MBSS_082,MBSS_087,9610.62,7196.34,2414.28
MBSS_082 - MBSS_088,MBSS_082,MBSS_088,7740.11,5504.21,2235.9
MBSS_082 - MBSS_089,MBSS_082,MBSS_089,6627.22,5263.08,1364.14
MBSS_082 - MBSS_090,MBSS_082,MBSS_090,4217.22,3013.15,1204.07
MBSS_082 - MBSS_091,MBSS_082,MBSS_091,3425.15,2609.33,815.82
MBSS_083 - MBSS_084,MBSS_083,MBSS_084,22196.34,15383.68,6812.66
MBSS_083 - MBSS_085,MBSS_083,MBSS_085,9887.61,8086.27,1801.34
MBSS_083 - MBSS_086,MBSS_083,MBSS_086,8354.35,6332.91,2021.44
MBSS_083 - MBSS_087,MBSS_083,MBSS_087,26422.28,3688.55,22733.73
MBSS_083 - MBSS_088,MBSS_083,MBSS_088,24551.77,3664.25,20887.52
MBSS_083 - MBSS_089,MBSS_083,MBSS_089,23438.88,2949.63,20489.25
MBSS_083 - MBSS_090,MBSS_083,MBSS_090,12594.44,8942.22,3652.22
MBSS_083 - MBSS_091,MBSS_083,MBSS_091,13386.51,8892.9,4493.6
MBSS_084 - MBSS_085,MBSS_084,MBSS_085,12308.74,7719.14,4589.59
MBSS_084 - MBSS_086,MBSS_084,MBSS_086,14551.6,9116.21,5435.38
MBSS_084 - MBSS_087,MBSS_084,MBSS_087,27124.06,17646.79,9477.27
MBSS_084 - MBSS_088,MBSS_084,MBSS_088,25253.55,16140.61,9112.94
MBSS_084 - MBSS_089,MBSS_084,MBSS_089,24140.66,15668.18,8472.49
MBSS_084 - MBSS_090,MBSS_084,MBSS_090,13296.22,8114.19,5182.02
MBSS_084 - MBSS_091,MBSS_084,MBSS_091,14088.29,8821.4,5266.89
MBSS_085 - MBSS_086,MBSS_085,MBSS_086,2242.86,1938.47,304.39
MBSS_085 - MBSS_087,MBSS_085,MBSS_087,16534.67,9952.35,6582.32
MBSS_085 - MBSS_088,MBSS_085,MBSS_088,14664.16,8422.07,6242.09
MBSS_085 - MBSS_089,MBSS_085,MBSS_089,13551.27,7966.31,5584.97
MBSS_085 - MBSS_090,MBSS_085,MBSS_090,2706.83,1884.49,822.34
MBSS_085 - MBSS_091,MBSS_085,MBSS_091,3498.9,2582.73,916.17
MBSS_086 - MBSS_087,MBSS_086,MBSS_087,18777.53,8624.85,10152.68
MBSS_086 - MBSS_088,MBSS_086,MBSS_088,16907.02,7259.8,9647.22
MBSS_086 - MBSS_089,MBSS_086,MBSS_089,15794.14,6688.8,9105.34
MBSS_086 - MBSS_090,MBSS_086,MBSS_090,4949.69,3510.46,1439.23
MBSS_086 - MBSS_091,MBSS_086,MBSS_091,5741.76,3963.23,1778.53
MBSS_087 - MBSS_088,MBSS_087,MBSS_088,1870.51,1734.78,135.73
MBSS_087 - MBSS_089,MBSS_087,MBSS_089,2983.39,1989.28,994.11
MBSS_087 - MBSS_090,MBSS_087,MBSS_090,13827.84,10154.28,3673.56
MBSS_087 - MBSS_091,MBSS_087,MBSS_091,13035.77,9804.82,3230.95
MBSS_088 - MBSS_089,MBSS_088,MBSS_089,1112.89,774.95,337.93
MBSS_088 - MBSS_090,MBSS_088,MBSS_090,11957.33,8490.08,3467.26
MBSS_088 - MBSS_091,MBSS_088,MBSS_091,11165.26,8106.28,3058.99
MBSS_089 - MBSS_090,MBSS_089,MBSS_090,10844.45,8187.67,2656.78
MBSS_089 - MBSS_091,MBSS_089,MBSS_091,10052.37,7870.54,2181.83
MBSS_090 - MBSS_091,MBSS_090,MBSS_091,792.07,826.89,-34.81
MBSS_049 - MBSS_050,MBSS_049,MBSS_050,9423.84,2503.8,6920.04
MBSS_049 - MBSS_051,MBSS_049,MBSS_051,8631.46,5577.7,3053.76
MBSS_050 - MBSS_051,MBSS_050,MBSS_051,18055.3,3993.54,14061.75
MBSS_049 - MBSS_052,MBSS_049,MBSS_052,12377.54,6511.57,5865.98
MBSS_050 - MBSS_052,MBSS_050,MBSS_052,11170.75,6421.11,4749.64
MBSS_051 - MBSS_052,MBSS_051,MBSS_052,21009,10302.92,10706.08
MBSS_049 - MBSS_053,MBSS_049,MBSS_053,7286.71,1920.15,5366.56
MBSS_050 - MBSS_053,MBSS_050,MBSS_053,2137.13,2020.72,116.41
MBSS_051 - MBSS_053,MBSS_051,MBSS_053,15918.17,5969.61,9948.56
MBSS_052 - MBSS_053,MBSS_052,MBSS_053,9033.62,4829.58,4204.04
MBSS_049 - MBSS_054,MBSS_049,MBSS_054,20946.76,11063.6,9883.16
MBSS_050 - MBSS_054,MBSS_050,MBSS_054,19739.96,11247.24,8492.72
MBSS_051 - MBSS_054,MBSS_051,MBSS_054,29578.21,15129.05,14449.16
MBSS_052 - MBSS_054,MBSS_052,MBSS_054,15896.28,4831.14,11065.14
MBSS_053 - MBSS_054,MBSS_053,MBSS_054,17602.83,9563.29,8039.54
MBSS_049 - MBSS_055,MBSS_049,MBSS_055,5769.96,3571.11,2198.85
MBSS_050 - MBSS_055,MBSS_050,MBSS_055,15193.8,3065.46,12128.34
MBSS_051 - MBSS_055,MBSS_051,MBSS_055,2861.5,2424.99,436.51
MBSS_052 - MBSS_055,MBSS_052,MBSS_055,18147.51,9359.79,8787.72
MBSS_053 - MBSS_055,MBSS_053,MBSS_055,13056.67,4591.71,8464.97
MBSS_054 - MBSS_055,MBSS_054,MBSS_055,26716.72,14143.38,12573.34
MBSS_049 - MBSS_056,MBSS_049,MBSS_056,5043.8,2972.61,2071.2
MBSS_050 - MBSS_056,MBSS_050,MBSS_056,14467.64,2521.95,11945.69
MBSS_051 - MBSS_056,MBSS_051,MBSS_056,3587.65,2791.09,796.56
MBSS_052 - MBSS_056,MBSS_052,MBSS_056,17421.35,8749.27,8672.08
MBSS_053 - MBSS_056,MBSS_053,MBSS_056,12330.51,3967.62,8362.9
MBSS_054 - MBSS_056,MBSS_054,MBSS_056,25990.56,13524.48,12466.08
MBSS_055 - MBSS_056,MBSS_055,MBSS_056,726.16,629.24,96.92
MBSS_049 - MBSS_057,MBSS_049,MBSS_057,13759.9,7990.07,5769.83
MBSS_050 - MBSS_057,MBSS_050,MBSS_057,12553.1,8959.86,3593.24
MBSS_051 - MBSS_057,MBSS_051,MBSS_057,22391.35,12946.68,9444.67
MBSS_052 - MBSS_057,MBSS_052,MBSS_057,8709.42,3780.21,4929.21
MBSS_053 - MBSS_057,MBSS_053,MBSS_057,10415.97,6985.18,3430.79
MBSS_054 - MBSS_057,MBSS_054,MBSS_057,9423.11,4140.62,5282.49
MBSS_055 - MBSS_057,MBSS_055,MBSS_057,19529.86,11441.9,8087.96
MBSS_056 - MBSS_057,MBSS_056,MBSS_057,18803.7,10814.28,7989.42
MBSS_049 - MBSS_058,MBSS_049,MBSS_058,24263.54,17520.71,6742.83
MBSS_050 - MBSS_058,MBSS_050,MBSS_058,23056.74,18732.16,4324.59
MBSS_051 - MBSS_058,MBSS_051,MBSS_058,32895,22708.01,10186.98
MBSS_052 - MBSS_058,MBSS_052,MBSS_058,19213.06,13078.61,6134.45
MBSS_053 - MBSS_058,MBSS_053,MBSS_058,20919.61,16738.41,4181.21
MBSS_054 - MBSS_058,MBSS_054,MBSS_058,13129.79,9273.27,3856.52
MBSS_055 - MBSS_058,MBSS_055,MBSS_058,30033.5,21068.73,8964.77
MBSS_056 - MBSS_058,MBSS_056,MBSS_058,29307.34,20450.17,8857.17
MBSS_057 - MBSS_058,MBSS_057,MBSS_058,12739.89,9782.15,2957.74
MBSS_049 - MBSS_059,MBSS_049,MBSS_059,22336.29,14643.96,7692.33
MBSS_050 - MBSS_059,MBSS_050,MBSS_059,21129.5,15873.84,5255.66
MBSS_051 - MBSS_059,MBSS_051,MBSS_059,30967.75,19843.36,11124.39
MBSS_052 - MBSS_059,MBSS_052,MBSS_059,17285.81,10365.1,6920.71
MBSS_053 - MBSS_059,MBSS_053,MBSS_059,18992.37,13874.32,5118.05
MBSS_054 - MBSS_059,MBSS_054,MBSS_059,11202.55,7027.4,4175.15
MBSS_055 - MBSS_059,MBSS_055,MBSS_059,28106.25,18191.62,9914.64
MBSS_056 - MBSS_059,MBSS_056,MBSS_059,27380.1,17573.21,9806.89
MBSS_057 - MBSS_059,MBSS_057,MBSS_059,10812.64,6942.77,3869.88
MBSS_058 - MBSS_059,MBSS_058,MBSS_059,4280.19,2877.17,1403.02
MBSS_049 - MBSS_060,MBSS_049,MBSS_060,9738.06,5566.21,4171.85
MBSS_050 - MBSS_060,MBSS_050,MBSS_060,8531.27,6834.12,1697.15
MBSS_051 - MBSS_060,MBSS_051,MBSS_060,18369.52,10756.95,7612.57
MBSS_052 - MBSS_060,MBSS_052,MBSS_060,4687.59,3549.27,1138.32
MBSS_053 - MBSS_060,MBSS_053,MBSS_060,6394.14,4814.04,1580.1
MBSS_054 - MBSS_060,MBSS_054,MBSS_060,11208.69,6264.8,4943.89
MBSS_055 - MBSS_060,MBSS_055,MBSS_060,15508.03,9083.63,6424.39
MBSS_056 - MBSS_060,MBSS_056,MBSS_060,14781.87,8461.97,6319.9
MBSS_057 - MBSS_060,MBSS_057,MBSS_060,4021.83,2495.5,1526.33
MBSS_058 - MBSS_060,MBSS_058,MBSS_060,14525.47,11993.18,2532.3
MBSS_059 - MBSS_060,MBSS_059,MBSS_060,12598.23,9117.66,3480.56
MBSS_049 - MBSS_061,MBSS_049,MBSS_061,28636.37,16116.85,12519.52
MBSS_050 - MBSS_061,MBSS_050,MBSS_061,27429.57,16623.65,10805.92
MBSS_051 - MBSS_061,MBSS_051,MBSS_061,37267.82,20563.57,16704.25
MBSS_052 - MBSS_061,MBSS_052,MBSS_061,23585.89,10276.21,13309.67
MBSS_053 - MBSS_061,MBSS_053,MBSS_061,25292.44,14821.26,10471.18
MBSS_054 - MBSS_061,MBSS_054,MBSS_061,17502.62,5524.96,11977.66
MBSS_055 - MBSS_061,MBSS_055,MBSS_061,34406.33,19407.45,14998.88
MBSS_056 - MBSS_061,MBSS_056,MBSS_061,33680.17,18780.1,14900.07
MBSS_057 - MBSS_061,MBSS_057,MBSS_061,17112.72,8256.79,8855.93
MBSS_058 - MBSS_061,MBSS_058,MBSS_061,10580.26,5459.09,5121.17
MBSS_059 - MBSS_061,MBSS_059,MBSS_061,6300.07,4998.35,1301.72
MBSS_060 - MBSS_061,MBSS_060,MBSS_061,18898.3,10749.55,8148.76
MBSS_049 - MBSS_062,MBSS_049,MBSS_062,9123.5,4783.02,4340.48
MBSS_050 - MBSS_062,MBSS_050,MBSS_062,7916.7,3739.39,4177.32
MBSS_051 - MBSS_062,MBSS_051,MBSS_062,17754.96,7386.21,10368.75
MBSS_052 - MBSS_062,MBSS_052,MBSS_062,9889.86,3055.37,6834.5
MBSS_053 - MBSS_062,MBSS_053,MBSS_062,5779.57,2864.17,2915.41
MBSS_054 - MBSS_062,MBSS_054,MBSS_062,18459.08,7796.93,10662.15
MBSS_055 - MBSS_062,MBSS_055,MBSS_062,14893.46,6802.72,8090.74
MBSS_056 - MBSS_062,MBSS_056,MBSS_062,14167.3,6241,7926.3
MBSS_057 - MBSS_062,MBSS_057,MBSS_062,11272.22,6464.81,4807.41
MBSS_058 - MBSS_062,MBSS_058,MBSS_062,21775.86,16068.55,5707.31
MBSS_059 - MBSS_062,MBSS_059,MBSS_062,19848.61,13305.83,6542.78
MBSS_060 - MBSS_062,MBSS_060,MBSS_062,7250.39,5149.62,2100.77
MBSS_061 - MBSS_062,MBSS_061,MBSS_062,26148.69,13294.83,12853.86
MBSS_049 - MBSS_063,MBSS_049,MBSS_063,25500.57,15288.67,10211.9
MBSS_050 - MBSS_063,MBSS_050,MBSS_063,24293.78,16158.76,8135.02
MBSS_051 - MBSS_063,MBSS_051,MBSS_063,34132.03,20150.64,13981.39
MBSS_052 - MBSS_063,MBSS_052,MBSS_063,20450.1,10114.61,10335.49
MBSS_053 - MBSS_063,MBSS_053,MBSS_063,22156.65,14234.45,7922.2
MBSS_054 - MBSS_063,MBSS_054,MBSS_063,14366.83,5903.17,8463.66
MBSS_055 - MBSS_063,MBSS_055,MBSS_063,31270.54,18739.18,12531.36
MBSS_056 - MBSS_063,MBSS_056,MBSS_063,30544.38,18110.77,12433.61
MBSS_057 - MBSS_063,MBSS_057,MBSS_063,13976.93,7302.71,6674.22
MBSS_058 - MBSS_063,MBSS_058,MBSS_063,7444.47,3493.57,3950.9
MBSS_059 - MBSS_063,MBSS_059,MBSS_063,3164.28,2495.97,668.31
MBSS_060 - MBSS_063,MBSS_060,MBSS_063,15762.51,9742.02,6020.49
MBSS_061 - MBSS_063,MBSS_061,MBSS_063,3135.79,2506.46,629.33
MBSS_062 - MBSS_063,MBSS_062,MBSS_063,23012.89,13164.37,9848.53
MBSS_049 - MBSS_064,MBSS_049,MBSS_064,28787.65,15033.03,13754.62
MBSS_050 - MBSS_064,MBSS_050,MBSS_064,27580.86,15446.25,12134.61
MBSS_051 - MBSS_064,MBSS_051,MBSS_064,37419.11,19366.94,18052.17
MBSS_052 - MBSS_064,MBSS_052,MBSS_064,23737.18,9066.71,14670.47
MBSS_053 - MBSS_064,MBSS_053,MBSS_064,25443.73,13678.12,11765.61
MBSS_054 - MBSS_064,MBSS_054,MBSS_064,17653.91,4275.88,13378.03
MBSS_055 - MBSS_064,MBSS_055,MBSS_064,34557.62,18269.43,16288.19
MBSS_056 - MBSS_064,MBSS_056,MBSS_064,33831.46,17643.96,16187.5
MBSS_057 - MBSS_064,MBSS_057,MBSS_064,17264.01,7292.67,9971.34
MBSS_058 - MBSS_064,MBSS_058,MBSS_064,10731.55,6312.19,4419.36
MBSS_059 - MBSS_064,MBSS_059,MBSS_064,6451.36,5273.26,1178.1
MBSS_060 - MBSS_064,MBSS_060,MBSS_064,19049.59,9763.58,9286.02
MBSS_061 - MBSS_064,MBSS_061,MBSS_064,4284.27,1283.26,3001.01
MBSS_062 - MBSS_064,MBSS_062,MBSS_064,26299.98,12066.26,14233.71
MBSS_063 - MBSS_064,MBSS_063,MBSS_064,3287.08,2962.57,324.51
MBSS_049 - MBSS_065,MBSS_049,MBSS_065,14544.76,7589.78,6954.98
MBSS_050 - MBSS_065,MBSS_050,MBSS_065,13337.96,8393.57,4944.39
MBSS_051 - MBSS_065,MBSS_051,MBSS_065,23176.21,12386.94,10789.27
MBSS_052 - MBSS_065,MBSS_052,MBSS_065,9494.28,3020.68,6473.6
MBSS_053 - MBSS_065,MBSS_053,MBSS_065,11200.83,6453.07,4747.76
MBSS_054 - MBSS_065,MBSS_054,MBSS_065,10207.97,3983.55,6224.42
MBSS_055 - MBSS_065,MBSS_055,MBSS_065,20314.72,10972.9,9341.82
MBSS_056 - MBSS_065,MBSS_056,MBSS_065,19588.56,10343.75,9244.81
MBSS_057 - MBSS_065,MBSS_057,MBSS_065,784.86,760.19,24.67
MBSS_058 - MBSS_065,MBSS_058,MBSS_065,13524.75,10403.24,3121.52
MBSS_059 - MBSS_065,MBSS_059,MBSS_065,11597.5,7589.98,4007.52
MBSS_060 - MBSS_065,MBSS_060,MBSS_065,4806.69,2311.38,2495.32
MBSS_061 - MBSS_065,MBSS_061,MBSS_065,17897.58,8542.02,9355.55
MBSS_062 - MBSS_065,MBSS_062,MBSS_065,12057.08,5751.9,6305.18
MBSS_063 - MBSS_065,MBSS_063,MBSS_065,14761.79,7781.71,6980.07
MBSS_064 - MBSS_065,MBSS_064,MBSS_065,18048.87,7504.81,10544.05
MBSS_049 - MBSS_066,MBSS_049,MBSS_066,9213.4,6468.25,2745.14
MBSS_050 - MBSS_066,MBSS_050,MBSS_066,18637.24,5679.06,12958.18
MBSS_051 - MBSS_066,MBSS_051,MBSS_066,5407.28,2344.62,3062.66
MBSS_052 - MBSS_066,MBSS_052,MBSS_066,21590.94,12097.46,9493.48
MBSS_053 - MBSS_066,MBSS_053,MBSS_066,16500.11,7433.02,9067.09
MBSS_054 - MBSS_066,MBSS_054,MBSS_066,30160.15,16917.53,13242.62
MBSS_055 - MBSS_066,MBSS_055,MBSS_066,3443.44,2909.97,533.47
MBSS_056 - MBSS_066,MBSS_056,MBSS_066,4169.59,3532.68,636.91
MBSS_057 - MBSS_066,MBSS_057,MBSS_066,22973.29,14342.67,8630.63
MBSS_058 - MBSS_066,MBSS_058,MBSS_066,33476.94,23978.04,9498.9
MBSS_059 - MBSS_066,MBSS_059,MBSS_066,31549.69,21100.88,10448.81
MBSS_060 - MBSS_066,MBSS_060,MBSS_066,18951.46,11993.51,6957.95
MBSS_061 - MBSS_066,MBSS_061,MBSS_066,37849.76,22247.7,15602.06
MBSS_062 - MBSS_066,MBSS_062,MBSS_066,18336.9,9343.76,8993.14
MBSS_063 - MBSS_066,MBSS_063,MBSS_066,34713.97,21634.37,13079.6
MBSS_064 - MBSS_066,MBSS_064,MBSS_066,38001.05,21090.54,16910.51
MBSS_065 - MBSS_066,MBSS_065,MBSS_066,23758.15,13859.54,9898.62
MBSS_049 - MBSS_067,MBSS_049,MBSS_067,13971.03,9164.01,4807.02
MBSS_050 - MBSS_067,MBSS_050,MBSS_067,12764.24,10393.31,2370.92
MBSS_051 - MBSS_067,MBSS_051,MBSS_067,22602.49,14349.58,8252.91
MBSS_052 - MBSS_067,MBSS_052,MBSS_067,8920.55,5458.57,3461.98
MBSS_053 - MBSS_067,MBSS_053,MBSS_067,10627.11,8384.48,2242.63
MBSS_054 - MBSS_067,MBSS_054,MBSS_067,6975.72,4759.83,2215.89
MBSS_055 - MBSS_067,MBSS_055,MBSS_067,19740.99,12697.75,7043.25
MBSS_056 - MBSS_067,MBSS_056,MBSS_067,19014.84,12077.23,6937.6
MBSS_057 - MBSS_067,MBSS_057,MBSS_067,2447.38,1681.01,766.38
MBSS_058 - MBSS_067,MBSS_058,MBSS_067,10292.51,8376.84,1915.66
MBSS_059 - MBSS_067,MBSS_059,MBSS_067,8365.26,5502.28,2862.98
MBSS_060 - MBSS_067,MBSS_060,MBSS_067,4232.97,3616.67,616.3
MBSS_061 - MBSS_067,MBSS_061,MBSS_067,14665.33,7681.05,6984.28
MBSS_062 - MBSS_067,MBSS_062,MBSS_067,11483.35,8110.98,3372.37
MBSS_063 - MBSS_067,MBSS_063,MBSS_067,11529.54,6283.25,5246.3
MBSS_064 - MBSS_067,MBSS_064,MBSS_067,14816.62,6919.6,7897.03
MBSS_065 - MBSS_067,MBSS_065,MBSS_067,3232.24,2438.32,793.92
MBSS_066 - MBSS_067,MBSS_066,MBSS_067,23184.43,15607.7,7576.73
MBSS_001 - MBSS_002,MBSS_001,MBSS_002,46457.92,28802.64,17655.28
MBSS_001 - MBSS_003,MBSS_001,MBSS_003,4725.56,2452.66,2272.9
MBSS_002 - MBSS_003,MBSS_002,MBSS_003,47679.11,29654.27,18024.84
MBSS_001 - MBSS_004,MBSS_001,MBSS_004,57079.03,37042.21,20036.81
MBSS_002 - MBSS_004,MBSS_002,MBSS_004,16864.07,8922.25,7941.82
MBSS_003 - MBSS_004,MBSS_003,MBSS_004,58300.22,37630.33,20669.89
MBSS_001 - MBSS_005,MBSS_001,MBSS_005,56412.95,36891.55,19521.41
MBSS_002 - MBSS_005,MBSS_002,MBSS_005,16198,8600.25,7597.75
MBSS_003 - MBSS_005,MBSS_003,MBSS_005,57634.15,37515.76,20118.38
MBSS_004 - MBSS_005,MBSS_004,MBSS_005,666.07,581.45,84.62
MBSS_001 - MBSS_006,MBSS_001,MBSS_006,58470.13,36847.84,21622.29
MBSS_002 - MBSS_006,MBSS_002,MBSS_006,18255.17,9246.48,9008.69
MBSS_003 - MBSS_006,MBSS_003,MBSS_006,59691.32,37352.92,22338.4
MBSS_004 - MBSS_006,MBSS_004,MBSS_006,1391.1,1313.94,77.17
MBSS_005 - MBSS_006,MBSS_005,MBSS_006,2057.18,1857.34,199.83
MBSS_001 - MBSS_007,MBSS_001,MBSS_007,48259.35,7875.01,40384.33
MBSS_002 - MBSS_007,MBSS_002,MBSS_007,2279.26,13061.2,-10781.94
MBSS_003 - MBSS_007,MBSS_003,MBSS_007,49480.54,7097.35,42383.18
MBSS_004 - MBSS_007,MBSS_004,MBSS_007,18665.5,16266.55,2398.95
MBSS_005 - MBSS_007,MBSS_005,MBSS_007,17999.42,43418.69,-25419.27
MBSS_006 - MBSS_007,MBSS_006,MBSS_007,20056.6,1790.58,18266.02
MBSS_001 - MBSS_008,MBSS_001,MBSS_008,57192.55,10779.45,46413.11
MBSS_002 - MBSS_008,MBSS_002,MBSS_008,10734.63,3564.68,7169.95
MBSS_003 - MBSS_008,MBSS_003,MBSS_008,58413.75,38217.47,20196.28
MBSS_004 - MBSS_008,MBSS_004,MBSS_008,27598.71,40930.8,-13332.1
MBSS_005 - MBSS_008,MBSS_005,MBSS_008,26932.63,40680.07,-13747.44
MBSS_006 - MBSS_008,MBSS_006,MBSS_008,28989.81,36876.6,-7886.79
MBSS_007 - MBSS_008,MBSS_007,MBSS_008,13013.9,5041.34,7972.56
MBSS_001 - MBSS_009,MBSS_001,MBSS_009,58249.71,11472.37,46777.34
MBSS_002 - MBSS_009,MBSS_002,MBSS_009,12269.62,7631.97,4637.65
MBSS_003 - MBSS_009,MBSS_003,MBSS_009,59470.9,11391.48,48079.42
MBSS_004 - MBSS_009,MBSS_004,MBSS_009,28655.86,17092.6,11563.26
MBSS_005 - MBSS_009,MBSS_005,MBSS_009,27989.78,18822.6,9167.18
MBSS_006 - MBSS_009,MBSS_006,MBSS_009,30046.96,30029.15,17.81
MBSS_007 - MBSS_009,MBSS_007,MBSS_009,9990.36,8561,1429.36
MBSS_008 - MBSS_009,MBSS_008,MBSS_009,23004.26,19253.99,3750.27
MBSS_001 - MBSS_010,MBSS_001,MBSS_010,31709.8,14079.86,17629.93
MBSS_002 - MBSS_010,MBSS_002,MBSS_010,24578.95,2662.12,21916.83
MBSS_003 - MBSS_010,MBSS_003,MBSS_010,32930.99,6289.39,26641.61
MBSS_004 - MBSS_010,MBSS_004,MBSS_010,35200.06,29578.22,5621.84
MBSS_005 - MBSS_010,MBSS_005,MBSS_010,34533.99,29514.34,5019.65
MBSS_006 - MBSS_010,MBSS_006,MBSS_010,36591.16,7506.93,29084.23
MBSS_007 - MBSS_010,MBSS_007,MBSS_010,26380.38,7322.37,19058
MBSS_008 - MBSS_010,MBSS_008,MBSS_010,35313.59,27751.11,7562.48
MBSS_009 - MBSS_010,MBSS_009,MBSS_010,36370.74,5997.65,30373.09
MBSS_001 - MBSS_011,MBSS_001,MBSS_011,22060.63,36684.38,-14623.74
MBSS_002 - MBSS_011,MBSS_002,MBSS_011,57592.01,39293.24,18298.77
MBSS_003 - MBSS_011,MBSS_003,MBSS_011,23281.83,14439.32,8842.51
MBSS_004 - MBSS_011,MBSS_004,MBSS_011,68213.12,16416.39,51796.73
MBSS_005 - MBSS_011,MBSS_005,MBSS_011,67547.04,2663.7,64883.34
MBSS_006 - MBSS_011,MBSS_006,MBSS_011,69604.22,24808.5,44795.72
MBSS_007 - MBSS_011,MBSS_007,MBSS_011,59393.44,23865.34,35528.09
MBSS_008 - MBSS_011,MBSS_008,MBSS_011,68326.64,24604.6,43722.04
MBSS_009 - MBSS_011,MBSS_009,MBSS_011,69383.8,20906.45,48477.35
MBSS_010 - MBSS_011,MBSS_010,MBSS_011,42843.89,10466.12,32377.76
MBSS_001 - MBSS_012,MBSS_001,MBSS_012,58551.28,12582.8,45968.49
MBSS_002 - MBSS_012,MBSS_002,MBSS_012,18336.33,30031.82,-11695.49
MBSS_003 - MBSS_012,MBSS_003,MBSS_012,59772.48,29553.61,30218.87
MBSS_004 - MBSS_012,MBSS_004,MBSS_012,6228.69,1641.62,4587.07
MBSS_005 - MBSS_012,MBSS_005,MBSS_012,5562.61,30288.45,-24725.84
MBSS_006 - MBSS_012,MBSS_006,MBSS_012,7619.79,7704.93,-85.14
MBSS_007 - MBSS_012,MBSS_007,MBSS_012,20137.76,7453.56,12684.2
MBSS_008 - MBSS_012,MBSS_008,MBSS_012,29070.96,23867,5203.97
MBSS_009 - MBSS_012,MBSS_009,MBSS_012,30128.12,6985.08,23143.04
MBSS_010 - MBSS_012,MBSS_010,MBSS_012,36672.32,24297.76,12374.56
MBSS_011 - MBSS_012,MBSS_011,MBSS_012,69685.37,13409.5,56275.87
MBSS_001 - MBSS_013,MBSS_001,MBSS_013,60359.14,13352.45,47006.69
MBSS_002 - MBSS_013,MBSS_002,MBSS_013,14379.05,6774.72,7604.33
MBSS_003 - MBSS_013,MBSS_003,MBSS_013,61580.33,32023.63,29556.7
MBSS_004 - MBSS_013,MBSS_004,MBSS_013,30765.29,9397.08,21368.21
MBSS_005 - MBSS_013,MBSS_005,MBSS_013,30099.21,32174.25,-2075.04
MBSS_006 - MBSS_013,MBSS_006,MBSS_013,32156.39,8153.95,24002.44
MBSS_007 - MBSS_013,MBSS_007,MBSS_013,12099.79,8471.46,3628.33
MBSS_008 - MBSS_013,MBSS_008,MBSS_013,25113.69,7816.96,17296.72
MBSS_009 - MBSS_013,MBSS_009,MBSS_013,5395.85,8638.13,-3242.27
MBSS_010 - MBSS_013,MBSS_010,MBSS_013,38480.17,20667.29,17812.87
MBSS_011 - MBSS_013,MBSS_011,MBSS_013,71493.23,8363.1,63130.12
MBSS_012 - MBSS_013,MBSS_012,MBSS_013,32237.55,21373.04,10864.5
MBSS_001 - MBSS_014,MBSS_001,MBSS_014,55822.51,16389.95,39432.55
MBSS_002 - MBSS_014,MBSS_002,MBSS_014,15607.55,16226.69,-619.13
MBSS_003 - MBSS_014,MBSS_003,MBSS_014,57043.7,8916.04,48127.66
MBSS_004 - MBSS_014,MBSS_004,MBSS_014,1987.52,4015.95,-2028.43
MBSS_005 - MBSS_014,MBSS_005,MBSS_014,1321.45,12596.25,-11274.81
MBSS_006 - MBSS_014,MBSS_006,MBSS_014,3378.62,6776.32,-3397.7
MBSS_007 - MBSS_014,MBSS_007,MBSS_014,17408.98,35533.76,-18124.78
MBSS_008 - MBSS_014,MBSS_008,MBSS_014,26342.19,6137.91,20204.28
MBSS_009 - MBSS_014,MBSS_009,MBSS_014,27399.34,43663.12,-16263.78
MBSS_010 - MBSS_014,MBSS_010,MBSS_014,33943.54,43532.07,-9588.53
MBSS_011 - MBSS_014,MBSS_011,MBSS_014,66956.6,36242.28,30714.32
MBSS_012 - MBSS_014,MBSS_012,MBSS_014,4972.17,30378.84,-25406.67
MBSS_013 - MBSS_014,MBSS_013,MBSS_014,29508.77,38310.49,-8801.72
MBSS_001 - MBSS_015,MBSS_001,MBSS_015,14416.52,27333.51,-12916.99
MBSS_002 - MBSS_015,MBSS_002,MBSS_015,49947.9,35197.54,14750.36
MBSS_003 - MBSS_015,MBSS_003,MBSS_015,15637.71,8158.97,7478.75
MBSS_004 - MBSS_015,MBSS_004,MBSS_015,60569.01,35660.2,24908.81
MBSS_005 - MBSS_015,MBSS_005,MBSS_015,59902.93,2696.25,57206.68
MBSS_006 - MBSS_015,MBSS_006,MBSS_015,61960.11,3027.85,58932.26
MBSS_007 - MBSS_015,MBSS_007,MBSS_015,51749.32,6652.9,45096.42
MBSS_008 - MBSS_015,MBSS_008,MBSS_015,60682.53,11362.74,49319.79
MBSS_009 - MBSS_015,MBSS_009,MBSS_015,61739.68,5459.2,56280.48
MBSS_010 - MBSS_015,MBSS_010,MBSS_015,35199.78,14688.84,20510.94
MBSS_011 - MBSS_015,MBSS_011,MBSS_015,11423.5,41739.61,-30316.11
MBSS_012 - MBSS_015,MBSS_012,MBSS_015,62041.26,28035.74,34005.53
MBSS_013 - MBSS_015,MBSS_013,MBSS_015,63849.11,9463.48,54385.64
MBSS_014 - MBSS_015,MBSS_014,MBSS_015,59312.49,28097.56,31214.92
MBSS_001 - MBSS_016,MBSS_001,MBSS_016,16927.49,11626.14,5301.34
MBSS_002 - MBSS_016,MBSS_002,MBSS_016,52458.87,11815.7,40643.16
MBSS_003 - MBSS_016,MBSS_003,MBSS_016,18148.68,8271.75,9876.93
MBSS_004 - MBSS_016,MBSS_004,MBSS_016,63079.97,5599.96,57480.02
MBSS_005 - MBSS_016,MBSS_005,MBSS_016,62413.9,4179.65,58234.24
MBSS_006 - MBSS_016,MBSS_006,MBSS_016,64471.07,9564.31,54906.77
MBSS_007 - MBSS_016,MBSS_007,MBSS_016,54260.29,34235.4,20024.89
MBSS_008 - MBSS_016,MBSS_008,MBSS_016,63193.5,9008.3,54185.2
MBSS_009 - MBSS_016,MBSS_009,MBSS_016,64250.65,36340.48,27910.17
MBSS_010 - MBSS_016,MBSS_010,MBSS_016,37710.74,7668.4,30042.34
MBSS_011 - MBSS_016,MBSS_011,MBSS_016,5133.15,37073.39,-31940.25
MBSS_012 - MBSS_016,MBSS_012,MBSS_016,64552.23,2355.11,62197.12
MBSS_013 - MBSS_016,MBSS_013,MBSS_016,66360.08,1775.2,64584.88
MBSS_014 - MBSS_016,MBSS_014,MBSS_016,61823.45,6790.19,55033.26
MBSS_015 - MBSS_016,MBSS_015,MBSS_016,6290.36,13185.32,-6894.96
MBSS_001 - MBSS_017,MBSS_001,MBSS_017,16564.48,9483.12,7081.36
MBSS_002 - MBSS_017,MBSS_002,MBSS_017,52095.85,15704.06,36391.79
MBSS_003 - MBSS_017,MBSS_003,MBSS_017,17785.67,43032.46,-25246.8
MBSS_004 - MBSS_017,MBSS_004,MBSS_017,62716.96,4292.42,58424.54
MBSS_005 - MBSS_017,MBSS_005,MBSS_017,62050.89,12409.93,49640.96
MBSS_006 - MBSS_017,MBSS_006,MBSS_017,64108.06,4138.37,59969.69
MBSS_007 - MBSS_017,MBSS_007,MBSS_017,53897.28,29683.51,24213.77
MBSS_008 - MBSS_017,MBSS_008,MBSS_017,62830.49,6429.14,56401.35
MBSS_009 - MBSS_017,MBSS_009,MBSS_017,63887.64,38275.16,25612.48
MBSS_010 - MBSS_017,MBSS_010,MBSS_017,37347.73,38066.22,-718.49
MBSS_011 - MBSS_017,MBSS_011,MBSS_017,5496.16,30625.05,-25128.9
MBSS_012 - MBSS_017,MBSS_012,MBSS_017,64189.22,25523.29,38665.93
MBSS_013 - MBSS_017,MBSS_013,MBSS_017,65997.07,33980.72,32016.35
MBSS_014 - MBSS_017,MBSS_014,MBSS_017,61460.44,21961.36,39499.08
MBSS_015 - MBSS_017,MBSS_015,MBSS_017,5927.35,7882.11,-1954.77
MBSS_016 - MBSS_017,MBSS_016,MBSS_017,363.01,36649.95,-36286.94
MBSS_001 - MBSS_018,MBSS_001,MBSS_018,6089.46,30164.9,-24075.44
MBSS_002 - MBSS_018,MBSS_002,MBSS_018,49043.01,37337.22,11705.79
MBSS_003 - MBSS_018,MBSS_003,MBSS_018,2886.34,4263.18,-1376.84
MBSS_004 - MBSS_018,MBSS_004,MBSS_018,59664.12,32697.26,26966.86
MBSS_005 - MBSS_018,MBSS_005,MBSS_018,58998.05,5192.73,53805.31
MBSS_006 - MBSS_018,MBSS_006,MBSS_018,61055.22,41081.85,19973.37
MBSS_007 - MBSS_018,MBSS_007,MBSS_018,50844.44,40911.22,9933.22
MBSS_008 - MBSS_018,MBSS_008,MBSS_018,59777.65,33524.34,26253.31
MBSS_009 - MBSS_018,MBSS_009,MBSS_018,60834.8,28009.06,32825.73
MBSS_010 - MBSS_018,MBSS_010,MBSS_018,34294.89,36240.91,-1946.02
MBSS_011 - MBSS_018,MBSS_011,MBSS_018,24645.72,24692.02,-46.29
MBSS_012 - MBSS_018,MBSS_012,MBSS_018,61136.38,3956.31,57180.07
MBSS_013 - MBSS_018,MBSS_013,MBSS_018,62944.23,39303.02,23641.21
MBSS_014 - MBSS_018,MBSS_014,MBSS_018,58407.6,32274.65,26132.95
MBSS_015 - MBSS_018,MBSS_015,MBSS_018,17001.61,40294.61,-23293
MBSS_016 - MBSS_018,MBSS_016,MBSS_018,19512.58,3948.12,15564.46
MBSS_017 - MBSS_018,MBSS_017,MBSS_018,19149.57,4108.88,15040.69
MBSS_001 - MBSS_019,MBSS_001,MBSS_019,53614.4,32416.86,21197.54
MBSS_002 - MBSS_019,MBSS_002,MBSS_019,7634.32,5212.79,2421.52
MBSS_003 - MBSS_019,MBSS_003,MBSS_019,54835.59,40822.51,14013.09
MBSS_004 - MBSS_019,MBSS_004,MBSS_019,24020.55,40648.29,-16627.73
MBSS_005 - MBSS_019,MBSS_005,MBSS_019,23354.48,33254.63,-9900.15
MBSS_006 - MBSS_019,MBSS_006,MBSS_019,25411.66,27774.62,-2362.96
MBSS_007 - MBSS_019,MBSS_007,MBSS_019,5355.05,36030.59,-30675.53
MBSS_008 - MBSS_019,MBSS_008,MBSS_019,18368.95,24433.77,-6064.82
MBSS_009 - MBSS_019,MBSS_009,MBSS_019,8821.85,4325.64,4496.21
MBSS_010 - MBSS_019,MBSS_010,MBSS_019,31735.43,39057.47,-7322.03
MBSS_011 - MBSS_019,MBSS_011,MBSS_019,64748.49,32076.48,32672.01
MBSS_012 - MBSS_019,MBSS_012,MBSS_019,25492.81,40021.15,-14528.34
MBSS_013 - MBSS_019,MBSS_013,MBSS_019,10931.28,3577.49,7353.79
MBSS_014 - MBSS_019,MBSS_014,MBSS_019,22764.03,371.1,22392.93
MBSS_015 - MBSS_019,MBSS_015,MBSS_019,57104.38,3948.23,53156.15
MBSS_016 - MBSS_019,MBSS_016,MBSS_019,59615.35,29435.74,30179.6
MBSS_017 - MBSS_019,MBSS_017,MBSS_019,59252.33,1645.86,57606.47
MBSS_018 - MBSS_019,MBSS_018,MBSS_019,56199.49,37208.32,18991.18
MBSS_001 - MBSS_020,MBSS_001,MBSS_020,55659.27,37118.17,18541.11
MBSS_002 - MBSS_020,MBSS_002,MBSS_020,15444.32,29986.54,-14542.22
MBSS_003 - MBSS_020,MBSS_003,MBSS_020,56880.47,23818.65,33061.82
MBSS_004 - MBSS_020,MBSS_004,MBSS_020,15450.97,31485.88,-16034.91
MBSS_005 - MBSS_020,MBSS_005,MBSS_020,14784.89,21096.19,-6311.3
MBSS_006 - MBSS_020,MBSS_006,MBSS_020,16842.07,7051.13,9790.94
MBSS_007 - MBSS_020,MBSS_007,MBSS_020,17245.75,35160.16,-17914.42
MBSS_008 - MBSS_020,MBSS_008,MBSS_020,26178.95,27368.2,-1189.25
MBSS_009 - MBSS_020,MBSS_009,MBSS_020,27236.11,36750.59,-9514.48
MBSS_010 - MBSS_020,MBSS_010,MBSS_020,33780.31,8029.21,25751.1
MBSS_011 - MBSS_020,MBSS_011,MBSS_020,66793.37,6741.12,60052.24
MBSS_012 - MBSS_020,MBSS_012,MBSS_020,16923.22,6792.9,10130.32
MBSS_013 - MBSS_020,MBSS_013,MBSS_020,29345.54,31827.07,-2481.53
MBSS_014 - MBSS_020,MBSS_014,MBSS_020,14194.44,4883.72,9310.72
MBSS_015 - MBSS_020,MBSS_015,MBSS_020,59149.25,32375.8,26773.46
MBSS_016 - MBSS_020,MBSS_016,MBSS_020,61660.22,5269.04,56391.18
MBSS_017 - MBSS_020,MBSS_017,MBSS_020,61297.21,5221.45,56075.76
MBSS_018 - MBSS_020,MBSS_018,MBSS_020,58244.37,3270.84,54973.53
MBSS_019 - MBSS_020,MBSS_019,MBSS_020,22600.8,8141.75,14459.06
MBSS_001 - MBSS_021,MBSS_001,MBSS_021,52296.07,5264.45,47031.62
MBSS_002 - MBSS_021,MBSS_002,MBSS_021,6315.99,11225.39,-4909.4
MBSS_003 - MBSS_021,MBSS_003,MBSS_021,53517.27,38422.08,15095.18
MBSS_004 - MBSS_021,MBSS_004,MBSS_021,22702.23,3542.41,19159.82
MBSS_005 - MBSS_021,MBSS_005,MBSS_021,22036.15,7237.2,14798.95
MBSS_006 - MBSS_021,MBSS_006,MBSS_021,24093.33,5326.18,18767.15
MBSS_007 - MBSS_021,MBSS_007,MBSS_021,4036.73,33177.31,-29140.58
MBSS_008 - MBSS_021,MBSS_008,MBSS_021,17050.62,35897.35,-18846.72
MBSS_009 - MBSS_021,MBSS_009,MBSS_021,7753.42,35644.73,-27891.31
MBSS_010 - MBSS_021,MBSS_010,MBSS_021,30417.11,31941.4,-1524.29
MBSS_011 - MBSS_021,MBSS_011,MBSS_021,63430.16,34619.62,28810.54
MBSS_012 - MBSS_021,MBSS_012,MBSS_021,24174.48,8048.78,16125.71
MBSS_013 - MBSS_021,MBSS_013,MBSS_021,9862.85,35842.15,-25979.3
MBSS_014 - MBSS_021,MBSS_014,MBSS_021,21445.71,10326.15,11119.55
MBSS_015 - MBSS_021,MBSS_015,MBSS_021,55786.05,9748.12,46037.94
MBSS_016 - MBSS_021,MBSS_016,MBSS_021,58297.02,8826.05,49470.97
MBSS_017 - MBSS_021,MBSS_017,MBSS_021,57934.01,14986.51,42947.5
MBSS_018 - MBSS_021,MBSS_018,MBSS_021,54881.17,15660.72,39220.45
MBSS_019 - MBSS_021,MBSS_019,MBSS_021,3153.2,15532.36,-12379.15
MBSS_020 - MBSS_021,MBSS_020,MBSS_021,21282.47,41389.42,-20106.95
MBSS_001 - MBSS_022,MBSS_001,MBSS_022,53842.75,11677.8,42164.94
MBSS_002 - MBSS_022,MBSS_002,MBSS_022,7384.83,17036.66,-9651.84
MBSS_003 - MBSS_022,MBSS_003,MBSS_022,55063.94,7973.73,47090.21
MBSS_004 - MBSS_022,MBSS_004,MBSS_022,24248.9,34735.93,-10487.03
MBSS_005 - MBSS_022,MBSS_005,MBSS_022,23582.83,38159.84,-14577.01
MBSS_006 - MBSS_022,MBSS_006,MBSS_022,25640,37842.59,-12202.59
MBSS_007 - MBSS_022,MBSS_007,MBSS_022,9664.09,35875.5,-26211.41
MBSS_008 - MBSS_022,MBSS_008,MBSS_022,3349.81,10405.25,-7055.44
MBSS_009 - MBSS_022,MBSS_009,MBSS_022,19654.45,29223.42,-9568.97
MBSS_010 - MBSS_022,MBSS_010,MBSS_022,31963.78,3783.12,28180.66
MBSS_011 - MBSS_022,MBSS_011,MBSS_022,64976.84,29773.02,35203.81
MBSS_012 - MBSS_022,MBSS_012,MBSS_022,25721.16,7861.39,17859.77
MBSS_013 - MBSS_022,MBSS_013,MBSS_022,21763.88,7779.96,13983.92
MBSS_014 - MBSS_022,MBSS_014,MBSS_022,22992.38,2363.02,20629.35
MBSS_015 - MBSS_022,MBSS_015,MBSS_022,57332.73,5579.27,51753.45
MBSS_016 - MBSS_022,MBSS_016,MBSS_022,59843.69,5688.17,54155.52
MBSS_017 - MBSS_022,MBSS_017,MBSS_022,59480.68,8644.61,50836.07
MBSS_018 - MBSS_022,MBSS_018,MBSS_022,56427.84,35817.06,20610.78
MBSS_019 - MBSS_022,MBSS_019,MBSS_022,15019.14,6049.22,8969.93
MBSS_020 - MBSS_022,MBSS_020,MBSS_022,22829.15,5943.1,16886.05
MBSS_021 - MBSS_022,MBSS_021,MBSS_022,13700.82,7650.15,6050.67
MBSS_001 - MBSS_023,MBSS_001,MBSS_023,30064.24,30605.34,-541.1
MBSS_002 - MBSS_023,MBSS_002,MBSS_023,22933.4,33299.14,-10365.74
MBSS_003 - MBSS_023,MBSS_003,MBSS_023,31285.43,33048.11,-1762.68
MBSS_004 - MBSS_023,MBSS_004,MBSS_023,33554.5,29347.88,4206.62
MBSS_005 - MBSS_023,MBSS_005,MBSS_023,32888.43,2605.2,30283.23
MBSS_006 - MBSS_023,MBSS_006,MBSS_023,34945.6,11097.7,23847.91
MBSS_007 - MBSS_023,MBSS_007,MBSS_023,24734.82,25460.18,-725.36
MBSS_008 - MBSS_023,MBSS_008,MBSS_023,33668.03,4860.27,28807.76
MBSS_009 - MBSS_023,MBSS_009,MBSS_023,34725.18,26022.25,8702.93
MBSS_010 - MBSS_023,MBSS_010,MBSS_023,1645.56,11608.58,-9963.02
MBSS_011 - MBSS_023,MBSS_011,MBSS_023,41198.33,11499.35,29698.98
MBSS_012 - MBSS_023,MBSS_012,MBSS_023,35026.76,4648.83,30377.93
MBSS_013 - MBSS_023,MBSS_013,MBSS_023,36834.61,2147.24,34687.37
MBSS_014 - MBSS_023,MBSS_014,MBSS_023,32297.98,8015.56,24282.42
MBSS_015 - MBSS_023,MBSS_015,MBSS_023,33554.22,4933.13,28621.09
MBSS_016 - MBSS_023,MBSS_016,MBSS_023,36065.19,32057.76,4007.43
MBSS_017 - MBSS_023,MBSS_017,MBSS_023,35702.17,9775.76,25926.42
MBSS_018 - MBSS_023,MBSS_018,MBSS_023,32649.33,5997.6,26651.73
MBSS_019 - MBSS_023,MBSS_019,MBSS_023,30089.88,11196.12,18893.75
MBSS_020 - MBSS_023,MBSS_020,MBSS_023,32134.75,26881.27,5253.48
MBSS_021 - MBSS_023,MBSS_021,MBSS_023,28771.55,29540.13,-768.58
MBSS_022 - MBSS_023,MBSS_022,MBSS_023,30318.22,29290.82,1027.4
MBSS_001 - MBSS_024,MBSS_001,MBSS_024,27153.2,25621.02,1532.18
MBSS_002 - MBSS_024,MBSS_002,MBSS_024,20022.35,6367.74,13654.61
MBSS_003 - MBSS_024,MBSS_003,MBSS_024,28374.39,12892.01,15482.38
MBSS_004 - MBSS_024,MBSS_004,MBSS_024,30643.46,3763.28,26880.18
MBSS_005 - MBSS_024,MBSS_005,MBSS_024,29977.39,20119.13,9858.26
MBSS_006 - MBSS_024,MBSS_006,MBSS_024,32034.56,8687.61,23346.95
MBSS_007 - MBSS_024,MBSS_007,MBSS_024,21823.78,20983.95,839.83
MBSS_008 - MBSS_024,MBSS_008,MBSS_024,30756.99,17115.41,13641.58
MBSS_009 - MBSS_024,MBSS_009,MBSS_024,31814.14,16908.38,14905.76
MBSS_010 - MBSS_024,MBSS_010,MBSS_024,4556.6,9482.18,-4925.58
MBSS_011 - MBSS_024,MBSS_011,MBSS_024,38287.29,5401.16,32886.13
MBSS_012 - MBSS_024,MBSS_012,MBSS_024,32115.72,13860.82,18254.9
MBSS_013 - MBSS_024,MBSS_013,MBSS_024,33923.57,1498.2,32425.37
MBSS_014 - MBSS_024,MBSS_014,MBSS_024,29386.94,26846.16,2540.78
MBSS_015 - MBSS_024,MBSS_015,MBSS_024,30643.18,15584.88,15058.29
MBSS_016 - MBSS_024,MBSS_016,MBSS_024,33154.14,10990.58,22163.56
MBSS_017 - MBSS_024,MBSS_017,MBSS_024,32791.13,16245.1,16546.03
MBSS_018 - MBSS_024,MBSS_018,MBSS_024,29738.29,21160.19,8578.1
MBSS_019 - MBSS_024,MBSS_019,MBSS_024,27178.83,24049.54,3129.29
MBSS_020 - MBSS_024,MBSS_020,MBSS_024,29223.71,23776.86,5446.85
MBSS_021 - MBSS_024,MBSS_021,MBSS_024,25860.51,20820.19,5040.32
MBSS_022 - MBSS_024,MBSS_022,MBSS_024,27407.18,12067.76,15339.42
MBSS_023 - MBSS_024,MBSS_023,MBSS_024,2911.04,15319.05,-12408.01
MBSS_001 - MBSS_025,MBSS_001,MBSS_025,10595.71,9547.15,1048.56
MBSS_002 - MBSS_025,MBSS_002,MBSS_025,36397.56,5984.13,30413.42
MBSS_003 - MBSS_025,MBSS_003,MBSS_025,11816.91,19320.13,-7503.22
MBSS_004 - MBSS_025,MBSS_004,MBSS_025,47018.66,9881.07,37137.6
MBSS_005 - MBSS_025,MBSS_005,MBSS_025,46352.59,20470.25,25882.34
MBSS_006 - MBSS_025,MBSS_006,MBSS_025,48409.77,18692.52,29717.24
MBSS_007 - MBSS_025,MBSS_007,MBSS_025,38198.98,18420.84,19778.14
MBSS_008 - MBSS_025,MBSS_008,MBSS_025,47132.19,10989.87,36142.33
MBSS_009 - MBSS_025,MBSS_009,MBSS_025,48189.34,7980.63,40208.72
MBSS_010 - MBSS_025,MBSS_010,MBSS_025,21649.44,16239,5410.43
MBSS_011 - MBSS_025,MBSS_011,MBSS_025,21729.8,4160.37,17569.44
MBSS_012 - MBSS_025,MBSS_012,MBSS_025,48490.92,26096.16,22394.76
MBSS_013 - MBSS_025,MBSS_013,MBSS_025,50298.77,17435.27,32863.5
MBSS_014 - MBSS_025,MBSS_014,MBSS_025,45762.14,13580.3,32181.84
MBSS_015 - MBSS_025,MBSS_015,MBSS_025,14085.69,17548.21,-3462.52
MBSS_016 - MBSS_025,MBSS_016,MBSS_025,16596.66,19867.08,-3270.42
MBSS_017 - MBSS_025,MBSS_017,MBSS_025,16233.65,23032.5,-6798.85
MBSS_018 - MBSS_025,MBSS_018,MBSS_025,13180.81,22734.93,-9554.12
MBSS_019 - MBSS_025,MBSS_019,MBSS_025,43554.04,20515.57,23038.47
MBSS_020 - MBSS_025,MBSS_020,MBSS_025,45598.91,13893.13,31705.78
MBSS_021 - MBSS_025,MBSS_021,MBSS_025,42235.71,15374.26,26861.45
MBSS_022 - MBSS_025,MBSS_022,MBSS_025,43782.38,11510.32,32272.07
MBSS_023 - MBSS_025,MBSS_023,MBSS_025,20003.88,8237.29,11766.58
MBSS_024 - MBSS_025,MBSS_024,MBSS_025,17092.83,2662.56,14430.28
MBSS_001 - MBSS_026,MBSS_001,MBSS_026,51176.43,6845.78,44330.64
MBSS_002 - MBSS_026,MBSS_002,MBSS_026,10961.47,21972.85,-11011.38
MBSS_003 - MBSS_026,MBSS_003,MBSS_026,52397.62,7833.25,44564.37
MBSS_004 - MBSS_026,MBSS_004,MBSS_026,10968.12,30204.98,-19236.87
MBSS_005 - MBSS_026,MBSS_005,MBSS_026,10302.04,30049.53,-19747.49
MBSS_006 - MBSS_026,MBSS_006,MBSS_026,12359.22,22708.24,-10349.02
MBSS_007 - MBSS_026,MBSS_007,MBSS_026,12762.9,17100.91,-4338.02
MBSS_008 - MBSS_026,MBSS_008,MBSS_026,21696.11,25410.07,-3713.97
MBSS_009 - MBSS_026,MBSS_009,MBSS_026,22753.26,13823.51,8929.74
MBSS_010 - MBSS_026,MBSS_010,MBSS_026,29297.46,13561.89,15735.57
MBSS_011 - MBSS_026,MBSS_011,MBSS_026,62310.52,28393.86,33916.66
MBSS_012 - MBSS_026,MBSS_012,MBSS_026,12440.37,21524.65,-9084.27
MBSS_013 - MBSS_026,MBSS_013,MBSS_026,24862.69,29495.79,-4633.11
MBSS_014 - MBSS_026,MBSS_014,MBSS_026,9711.6,8688.82,1022.77
MBSS_015 - MBSS_026,MBSS_015,MBSS_026,54666.4,10911.6,43754.8
MBSS_016 - MBSS_026,MBSS_016,MBSS_026,57177.37,10673.81,46503.56
MBSS_017 - MBSS_026,MBSS_017,MBSS_026,56814.36,8018.21,48796.15
MBSS_018 - MBSS_026,MBSS_018,MBSS_026,53761.52,25000.87,28760.65
MBSS_019 - MBSS_026,MBSS_019,MBSS_026,18117.95,28009.54,-9891.59
MBSS_020 - MBSS_026,MBSS_020,MBSS_026,4482.85,22399.51,-17916.66
MBSS_021 - MBSS_026,MBSS_021,MBSS_026,16799.62,18637.77,-1838.15
MBSS_022 - MBSS_026,MBSS_022,MBSS_026,18346.3,13285.6,5060.7
MBSS_023 - MBSS_026,MBSS_023,MBSS_026,27651.9,12639.88,15012.02
MBSS_024 - MBSS_026,MBSS_024,MBSS_026,24740.86,32655.87,-7915.01
MBSS_025 - MBSS_026,MBSS_025,MBSS_026,41116.06,4496.53,36619.53
MBSS_001 - MBSS_027,MBSS_001,MBSS_027,25267.79,33666.08,-8398.29
MBSS_002 - MBSS_027,MBSS_002,MBSS_027,27886.33,7649.31,20237.03
MBSS_003 - MBSS_027,MBSS_003,MBSS_027,26488.99,7124.49,19364.5
MBSS_004 - MBSS_027,MBSS_004,MBSS_027,38507.44,4983.5,33523.94
MBSS_005 - MBSS_027,MBSS_005,MBSS_027,37841.37,11463.31,26378.05
MBSS_006 - MBSS_027,MBSS_006,MBSS_027,39898.54,11827.81,28070.74
MBSS_007 - MBSS_027,MBSS_007,MBSS_027,29687.76,12645.97,17041.79
MBSS_008 - MBSS_027,MBSS_008,MBSS_027,38620.97,39424.36,-803.39
MBSS_009 - MBSS_027,MBSS_009,MBSS_027,39678.12,8341.93,31336.19
MBSS_010 - MBSS_027,MBSS_010,MBSS_027,13138.21,13130.82,7.39
MBSS_011 - MBSS_027,MBSS_011,MBSS_027,36401.88,5513.81,30888.07
MBSS_012 - MBSS_027,MBSS_012,MBSS_027,39979.7,33199.65,6780.05
MBSS_013 - MBSS_027,MBSS_013,MBSS_027,41787.55,36410.32,5377.23
MBSS_014 - MBSS_027,MBSS_014,MBSS_027,37250.92,36112.67,1138.25
MBSS_015 - MBSS_027,MBSS_015,MBSS_027,28757.77,33547.61,-4789.84
MBSS_016 - MBSS_027,MBSS_016,MBSS_027,31268.74,6563.97,24704.77
MBSS_017 - MBSS_027,MBSS_017,MBSS_027,30905.73,3916.01,26989.72
MBSS_018 - MBSS_027,MBSS_018,MBSS_027,27852.89,7200.71,20652.18
MBSS_019 - MBSS_027,MBSS_019,MBSS_027,35042.81,9323.54,25719.27
MBSS_020 - MBSS_027,MBSS_020,MBSS_027,37087.69,12731.93,24355.76
MBSS_021 - MBSS_027,MBSS_021,MBSS_027,33724.49,13377.89,20346.6
MBSS_022 - MBSS_027,MBSS_022,MBSS_027,35271.16,25889.1,9382.06
MBSS_023 - MBSS_027,MBSS_023,MBSS_027,11492.65,17743.6,-6250.95
MBSS_024 - MBSS_027,MBSS_024,MBSS_027,8581.61,11108.35,-2526.73
MBSS_025 - MBSS_027,MBSS_025,MBSS_027,15207.43,18546.13,-3338.7
MBSS_026 - MBSS_027,MBSS_026,MBSS_027,32604.84,19356.96,13247.88
MBSS_001 - MBSS_028,MBSS_001,MBSS_028,55619.13,19180.11,36439.03
MBSS_002 - MBSS_028,MBSS_002,MBSS_028,9161.21,11810.33,-2649.11
MBSS_003 - MBSS_028,MBSS_003,MBSS_028,56840.33,6788.72,50051.61
MBSS_004 - MBSS_028,MBSS_004,MBSS_028,26025.29,15426.65,10598.64
MBSS_005 - MBSS_028,MBSS_005,MBSS_028,25359.21,2992.11,22367.11
MBSS_006 - MBSS_028,MBSS_006,MBSS_028,27416.39,24445.19,2971.2
MBSS_007 - MBSS_028,MBSS_007,MBSS_028,11440.48,17680.9,-6240.42
MBSS_008 - MBSS_028,MBSS_008,MBSS_028,7866.22,12111.38,-4245.16
MBSS_009 - MBSS_028,MBSS_009,MBSS_028,21430.84,18597,2833.83
MBSS_010 - MBSS_028,MBSS_010,MBSS_028,33740.17,18969.57,14770.6
MBSS_011 - MBSS_028,MBSS_011,MBSS_028,66753.22,21731.34,45021.88
MBSS_012 - MBSS_028,MBSS_012,MBSS_028,27497.54,21468.33,6029.22
MBSS_013 - MBSS_028,MBSS_013,MBSS_028,23540.27,18359.5,5180.77
MBSS_014 - MBSS_028,MBSS_014,MBSS_028,24768.77,14212.67,10556.09
MBSS_015 - MBSS_028,MBSS_015,MBSS_028,59109.11,17751.74,41357.37
MBSS_016 - MBSS_028,MBSS_016,MBSS_028,61620.08,11635.86,49984.22
MBSS_017 - MBSS_028,MBSS_017,MBSS_028,61257.07,7920.99,53336.08
MBSS_018 - MBSS_028,MBSS_018,MBSS_028,58204.23,2466.7,55737.53
MBSS_019 - MBSS_028,MBSS_019,MBSS_028,16795.53,3419.67,13375.86
MBSS_020 - MBSS_028,MBSS_020,MBSS_028,24605.53,10898.82,13706.71
MBSS_021 - MBSS_028,MBSS_021,MBSS_028,15477.2,15197.58,279.63
MBSS_022 - MBSS_028,MBSS_022,MBSS_028,4516.41,22770.15,-18253.74
MBSS_023 - MBSS_028,MBSS_023,MBSS_028,32094.61,7130.1,24964.51
MBSS_024 - MBSS_028,MBSS_024,MBSS_028,29183.57,23302.29,5881.27
MBSS_025 - MBSS_028,MBSS_025,MBSS_028,45558.77,14328.42,31230.36
MBSS_026 - MBSS_028,MBSS_026,MBSS_028,20122.69,14224.21,5898.47
MBSS_027 - MBSS_028,MBSS_027,MBSS_028,37047.55,7248.55,29799
MBSS_001 - MBSS_029,MBSS_001,MBSS_029,55317.9,1443.25,53874.64
MBSS_002 - MBSS_029,MBSS_002,MBSS_029,15102.94,10027.11,5075.83
MBSS_003 - MBSS_029,MBSS_003,MBSS_029,56539.09,2582.09,53957
MBSS_004 - MBSS_029,MBSS_004,MBSS_029,1761.13,29346.76,-27585.63
MBSS_005 - MBSS_029,MBSS_005,MBSS_029,1095.06,12431.11,-11336.06
MBSS_006 - MBSS_029,MBSS_006,MBSS_029,3152.23,7035.13,-3882.89
MBSS_007 - MBSS_029,MBSS_007,MBSS_029,16904.37,13902.11,3002.26
MBSS_008 - MBSS_029,MBSS_008,MBSS_029,25837.58,24291.94,1545.63
MBSS_009 - MBSS_029,MBSS_009,MBSS_029,26894.73,26873.04,21.68
MBSS_010 - MBSS_029,MBSS_010,MBSS_029,33438.93,26629.41,6809.52
MBSS_011 - MBSS_029,MBSS_011,MBSS_029,66451.99,22895.67,43556.32
MBSS_012 - MBSS_029,MBSS_012,MBSS_029,4467.56,9075.95,-4608.39
MBSS_013 - MBSS_029,MBSS_013,MBSS_029,29004.16,14930.47,14073.69
MBSS_014 - MBSS_029,MBSS_014,MBSS_029,504.61,6471.61,-5967
MBSS_015 - MBSS_029,MBSS_015,MBSS_029,58807.88,2725.36,56082.52
MBSS_016 - MBSS_029,MBSS_016,MBSS_029,61318.84,3958.86,57359.98
MBSS_017 - MBSS_029,MBSS_017,MBSS_029,60955.83,6552.63,54403.2
MBSS_018 - MBSS_029,MBSS_018,MBSS_029,57902.99,15962.95,41940.04
MBSS_019 - MBSS_029,MBSS_019,MBSS_029,22259.42,11615.91,10643.51
MBSS_020 - MBSS_029,MBSS_020,MBSS_029,13689.84,5430.6,8259.23
MBSS_021 - MBSS_029,MBSS_021,MBSS_029,20941.1,36188.18,-15247.08
MBSS_022 - MBSS_029,MBSS_022,MBSS_029,22487.77,7717.53,14770.24
MBSS_023 - MBSS_029,MBSS_023,MBSS_029,31793.37,36861.36,-5067.99
MBSS_024 - MBSS_029,MBSS_024,MBSS_029,28882.33,1554.18,27328.15
MBSS_025 - MBSS_029,MBSS_025,MBSS_029,45257.53,1021.54,44235.99
MBSS_026 - MBSS_029,MBSS_026,MBSS_029,9206.99,6664.62,2542.36
MBSS_027 - MBSS_029,MBSS_027,MBSS_029,36746.31,12810.77,23935.54
MBSS_028 - MBSS_029,MBSS_028,MBSS_029,24264.16,8625.14,15639.02
MBSS_001 - MBSS_030,MBSS_001,MBSS_030,47053.12,15523.34,31529.78
MBSS_002 - MBSS_030,MBSS_002,MBSS_030,6838.17,42853.07,-36014.91
MBSS_003 - MBSS_030,MBSS_003,MBSS_030,48274.31,3358.08,44916.23
MBSS_004 - MBSS_030,MBSS_004,MBSS_030,10763.82,11696.91,-933.09
MBSS_005 - MBSS_030,MBSS_005,MBSS_030,10097.75,948.49,9149.26
MBSS_006 - MBSS_030,MBSS_006,MBSS_030,12154.93,37287.56,-25132.64
MBSS_007 - MBSS_030,MBSS_007,MBSS_030,8639.59,40180.29,-31540.7
MBSS_008 - MBSS_030,MBSS_008,MBSS_030,17572.8,39912.8,-22340
MBSS_009 - MBSS_030,MBSS_009,MBSS_030,18629.95,36498.32,-17868.37
MBSS_010 - MBSS_030,MBSS_010,MBSS_030,25174.15,4775.76,20398.4
MBSS_011 - MBSS_030,MBSS_011,MBSS_030,58187.21,8817.71,49369.5
MBSS_012 - MBSS_030,MBSS_012,MBSS_030,12236.08,7235.54,5000.54
MBSS_013 - MBSS_030,MBSS_013,MBSS_030,20739.38,10886.66,9852.72
MBSS_014 - MBSS_030,MBSS_014,MBSS_030,9507.3,16145.82,-6638.52
MBSS_015 - MBSS_030,MBSS_015,MBSS_030,50543.1,17577.32,32965.78
MBSS_016 - MBSS_030,MBSS_016,MBSS_030,53054.07,29342.79,23711.27
MBSS_017 - MBSS_030,MBSS_017,MBSS_030,52691.06,6104.61,46586.45
MBSS_018 - MBSS_030,MBSS_018,MBSS_030,49638.21,18453.88,31184.33
MBSS_019 - MBSS_030,MBSS_019,MBSS_030,13994.65,13609.1,385.55
MBSS_020 - MBSS_030,MBSS_020,MBSS_030,9344.07,32721.52,-23377.45
MBSS_021 - MBSS_030,MBSS_021,MBSS_030,12676.32,3920.12,8756.2
MBSS_022 - MBSS_030,MBSS_022,MBSS_030,14222.99,33555.13,-19332.13
MBSS_023 - MBSS_030,MBSS_023,MBSS_030,23528.6,5583.56,17945.04
MBSS_024 - MBSS_030,MBSS_024,MBSS_030,20617.55,5138.31,15479.24
MBSS_025 - MBSS_030,MBSS_025,MBSS_030,36992.76,3486.52,33506.24
MBSS_026 - MBSS_030,MBSS_026,MBSS_030,4861.22,10257.87,-5396.65
MBSS_027 - MBSS_030,MBSS_027,MBSS_030,28481.53,9332.47,19149.06
MBSS_028 - MBSS_030,MBSS_028,MBSS_030,15999.38,12216.2,3783.19
MBSS_029 - MBSS_030,MBSS_029,MBSS_030,9002.69,39449.25,-30446.55
MBSS_001 - MBSS_031,MBSS_001,MBSS_031,13122.64,5842.6,7280.04
MBSS_002 - MBSS_031,MBSS_002,MBSS_031,35326.24,11005.05,24321.2
MBSS_003 - MBSS_031,MBSS_003,MBSS_031,14343.84,3877.11,10466.72
MBSS_004 - MBSS_031,MBSS_004,MBSS_031,45947.35,33582.09,12365.26
MBSS_005 - MBSS_031,MBSS_005,MBSS_031,45281.28,36615.84,8665.44
MBSS_006 - MBSS_031,MBSS_006,MBSS_031,47338.45,36334.57,11003.88
MBSS_007 - MBSS_031,MBSS_007,MBSS_031,37127.67,33311.23,3816.44
MBSS_008 - MBSS_031,MBSS_008,MBSS_031,46060.88,4082.81,41978.07
MBSS_009 - MBSS_031,MBSS_009,MBSS_031,47118.03,6328.29,40789.74
MBSS_010 - MBSS_031,MBSS_010,MBSS_031,20578.12,5245.03,15333.09
MBSS_011 - MBSS_031,MBSS_011,MBSS_031,24256.73,8135.35,16121.38
MBSS_012 - MBSS_031,MBSS_012,MBSS_031,47419.61,12604.01,34815.59
MBSS_013 - MBSS_031,MBSS_013,MBSS_031,49227.46,13742.22,35485.23
MBSS_014 - MBSS_031,MBSS_014,MBSS_031,44690.83,25889.54,18801.29
MBSS_015 - MBSS_031,MBSS_015,MBSS_031,16612.62,2576.02,14036.61
MBSS_016 - MBSS_031,MBSS_016,MBSS_031,19123.59,15013.77,4109.81
MBSS_017 - MBSS_031,MBSS_017,MBSS_031,18760.58,10711.77,8048.81
MBSS_018 - MBSS_031,MBSS_018,MBSS_031,15707.74,4147.16,11560.58
MBSS_019 - MBSS_031,MBSS_019,MBSS_031,42482.72,7962.28,34520.45
MBSS_020 - MBSS_031,MBSS_020,MBSS_031,44527.6,21137.31,23390.28
MBSS_021 - MBSS_031,MBSS_021,MBSS_031,41164.4,9475.38,31689.02
MBSS_022 - MBSS_031,MBSS_022,MBSS_031,42711.07,29649.93,13061.14
MBSS_023 - MBSS_031,MBSS_023,MBSS_031,18932.56,29450.67,-10518.11
MBSS_024 - MBSS_031,MBSS_024,MBSS_031,16021.52,22022.71,-6001.19
MBSS_025 - MBSS_031,MBSS_025,MBSS_031,3062.28,16922.65,-13860.37
MBSS_026 - MBSS_031,MBSS_026,MBSS_031,40044.75,25450.43,14594.32
MBSS_027 - MBSS_031,MBSS_027,MBSS_031,14136.12,13320,816.12
MBSS_028 - MBSS_031,MBSS_028,MBSS_031,44487.46,14718.33,29769.13
MBSS_029 - MBSS_031,MBSS_029,MBSS_031,44186.22,28008.66,16177.55
MBSS_030 - MBSS_031,MBSS_030,MBSS_031,35921.44,21744.92,14176.52
MBSS_001 - MBSS_032,MBSS_001,MBSS_032,12819.46,28764.88,-15945.42
MBSS_002 - MBSS_032,MBSS_002,MBSS_032,35023.06,8641.36,26381.7
MBSS_003 - MBSS_032,MBSS_003,MBSS_032,14040.66,11588.31,2452.34
MBSS_004 - MBSS_032,MBSS_004,MBSS_032,45644.17,11296.1,34348.07
MBSS_005 - MBSS_032,MBSS_005,MBSS_032,44978.1,9960.14,35017.96
MBSS_006 - MBSS_032,MBSS_006,MBSS_032,47035.27,24537.52,22497.75
MBSS_007 - MBSS_032,MBSS_007,MBSS_032,36824.49,26674.3,10150.19
MBSS_008 - MBSS_032,MBSS_008,MBSS_032,45757.7,21964.05,23793.65
MBSS_009 - MBSS_032,MBSS_009,MBSS_032,46814.85,18241.44,28573.41
MBSS_010 - MBSS_032,MBSS_010,MBSS_032,20274.94,12543.42,7731.52
MBSS_011 - MBSS_032,MBSS_011,MBSS_032,23953.55,11448.26,12505.29
MBSS_012 - MBSS_032,MBSS_012,MBSS_032,47116.43,2429.84,44686.59
MBSS_013 - MBSS_032,MBSS_013,MBSS_032,48924.28,24824.54,24099.73
MBSS_014 - MBSS_032,MBSS_014,MBSS_032,44387.65,10328.22,34059.42
MBSS_015 - MBSS_032,MBSS_015,MBSS_032,16309.44,15666.53,642.91
MBSS_016 - MBSS_032,MBSS_016,MBSS_032,18820.41,28687.3,-9866.89
MBSS_017 - MBSS_032,MBSS_017,MBSS_032,18457.4,25051.38,-6593.98
MBSS_018 - MBSS_032,MBSS_018,MBSS_032,15404.56,7896.06,7508.5
MBSS_019 - MBSS_032,MBSS_019,MBSS_032,42179.54,21117.65,21061.9
MBSS_020 - MBSS_032,MBSS_020,MBSS_032,44224.42,9346.95,34877.47
MBSS_021 - MBSS_032,MBSS_021,MBSS_032,40861.22,29598.74,11262.48
MBSS_022 - MBSS_032,MBSS_022,MBSS_032,42407.89,29404.82,13003.07
MBSS_023 - MBSS_032,MBSS_023,MBSS_032,18629.38,21984.34,-3354.96
MBSS_024 - MBSS_032,MBSS_024,MBSS_032,15718.34,16819.31,-1100.97
MBSS_025 - MBSS_032,MBSS_025,MBSS_032,2759.1,25328.45,-22569.35
MBSS_026 - MBSS_032,MBSS_026,MBSS_032,39741.57,13250.32,26491.24
MBSS_027 - MBSS_032,MBSS_027,MBSS_032,13832.94,14663.6,-830.67
MBSS_028 - MBSS_032,MBSS_028,MBSS_032,44184.28,27936.35,16247.93
MBSS_029 - MBSS_032,MBSS_029,MBSS_032,43883.04,21601.74,22281.3
MBSS_030 - MBSS_032,MBSS_030,MBSS_032,35618.26,28735.36,6882.91
MBSS_031 - MBSS_032,MBSS_031,MBSS_032,303.18,8718.34,-8415.16
MBSS_001 - MBSS_033,MBSS_001,MBSS_033,56456.01,11588.27,44867.74
MBSS_002 - MBSS_033,MBSS_002,MBSS_033,10475.92,11301.99,-826.07
MBSS_003 - MBSS_033,MBSS_003,MBSS_033,57677.2,9790.63,47886.57
MBSS_004 - MBSS_033,MBSS_004,MBSS_033,26862.16,24473.07,2389.09
MBSS_005 - MBSS_033,MBSS_005,MBSS_033,26196.08,26725.91,-529.82
MBSS_006 - MBSS_033,MBSS_006,MBSS_033,28253.26,21894.82,6358.44
MBSS_007 - MBSS_033,MBSS_007,MBSS_033,8196.66,18164.78,-9968.12
MBSS_008 - MBSS_033,MBSS_008,MBSS_033,21210.56,12502.41,8708.15
MBSS_009 - MBSS_033,MBSS_009,MBSS_033,1793.7,11466.67,-9672.97
MBSS_010 - MBSS_033,MBSS_010,MBSS_033,34577.04,2160.46,32416.58
MBSS_011 - MBSS_033,MBSS_011,MBSS_033,67590.1,24837.38,42752.72
MBSS_012 - MBSS_033,MBSS_012,MBSS_033,28334.42,10260.51,18073.91
MBSS_013 - MBSS_033,MBSS_013,MBSS_033,3903.13,15575.42,-11672.29
MBSS_014 - MBSS_033,MBSS_014,MBSS_033,25605.64,28648.23,-3042.59
MBSS_015 - MBSS_033,MBSS_015,MBSS_033,59945.98,25034.16,34911.82
MBSS_016 - MBSS_033,MBSS_016,MBSS_033,62456.95,291.94,62165.01
MBSS_017 - MBSS_033,MBSS_017,MBSS_033,62093.94,30654,31439.94
MBSS_018 - MBSS_033,MBSS_018,MBSS_033,59041.1,8103.81,50937.29
MBSS_019 - MBSS_033,MBSS_019,MBSS_033,7028.15,30870.67,-23842.52
MBSS_020 - MBSS_033,MBSS_020,MBSS_033,25442.41,8387.33,17055.08
MBSS_021 - MBSS_033,MBSS_021,MBSS_033,5959.72,8608.49,-2648.77
MBSS_022 - MBSS_033,MBSS_022,MBSS_033,17860.75,6589.08,11271.66
MBSS_023 - MBSS_033,MBSS_023,MBSS_033,32931.48,7103.23,25828.25
MBSS_024 - MBSS_033,MBSS_024,MBSS_033,30020.44,1584.08,28436.36
MBSS_025 - MBSS_033,MBSS_025,MBSS_033,46395.64,11035.57,35360.08
MBSS_026 - MBSS_033,MBSS_026,MBSS_033,20959.56,37001.11,-16041.55
MBSS_027 - MBSS_033,MBSS_027,MBSS_033,37884.42,5743.14,32141.28
MBSS_028 - MBSS_033,MBSS_028,MBSS_033,19637.14,3275.92,16361.22
MBSS_029 - MBSS_033,MBSS_029,MBSS_033,25101.03,9347.67,15753.36
MBSS_030 - MBSS_033,MBSS_030,MBSS_033,16836.25,32529.63,-15693.38
MBSS_031 - MBSS_033,MBSS_031,MBSS_033,45324.33,34855.5,10468.83
MBSS_032 - MBSS_033,MBSS_032,MBSS_033,45021.15,34638.65,10382.5
MBSS_001 - MBSS_034,MBSS_001,MBSS_034,55899.09,30227.24,25671.84
MBSS_002 - MBSS_034,MBSS_002,MBSS_034,9919,4511.1,5407.9
MBSS_003 - MBSS_034,MBSS_003,MBSS_034,57120.28,14843.56,42276.72
MBSS_004 - MBSS_034,MBSS_004,MBSS_034,26305.24,4329.15,21976.09
MBSS_005 - MBSS_034,MBSS_005,MBSS_034,25639.17,6431.94,19207.23
MBSS_006 - MBSS_034,MBSS_006,MBSS_034,27696.34,12285.69,15410.65
MBSS_007 - MBSS_034,MBSS_007,MBSS_034,7639.74,14655.29,-7015.55
MBSS_008 - MBSS_034,MBSS_008,MBSS_034,20653.64,23994.94,-3341.3
MBSS_009 - MBSS_034,MBSS_009,MBSS_034,2350.62,10949.02,-8598.4
MBSS_010 - MBSS_034,MBSS_010,MBSS_034,34020.12,13889.21,20130.91
MBSS_011 - MBSS_034,MBSS_011,MBSS_034,67033.18,8474.7,58558.47
MBSS_012 - MBSS_034,MBSS_012,MBSS_034,27777.5,8573.73,19203.76
MBSS_013 - MBSS_034,MBSS_013,MBSS_034,4460.05,8561.66,-4101.61
MBSS_014 - MBSS_034,MBSS_014,MBSS_034,25048.72,23972.19,1076.53
MBSS_015 - MBSS_034,MBSS_015,MBSS_034,59389.07,23856.47,35532.6
MBSS_016 - MBSS_034,MBSS_016,MBSS_034,61900.03,30518.16,31381.87
MBSS_017 - MBSS_034,MBSS_017,MBSS_034,61537.02,7584.83,53952.19
MBSS_018 - MBSS_034,MBSS_018,MBSS_034,58484.18,30775.23,27708.95
MBSS_019 - MBSS_034,MBSS_019,MBSS_034,6471.23,8142.04,-1670.81
MBSS_020 - MBSS_034,MBSS_020,MBSS_034,24885.49,8333.86,16551.63
MBSS_021 - MBSS_034,MBSS_021,MBSS_034,5402.8,6067.88,-665.08
MBSS_022 - MBSS_034,MBSS_022,MBSS_034,17303.83,6852.15,10451.68
MBSS_023 - MBSS_034,MBSS_023,MBSS_034,32374.56,1994.55,30380.01
MBSS_024 - MBSS_034,MBSS_024,MBSS_034,29463.52,10737.99,18725.53
MBSS_025 - MBSS_034,MBSS_025,MBSS_034,45838.72,36900.38,8938.34
MBSS_026 - MBSS_034,MBSS_026,MBSS_034,20402.64,5540.45,14862.18
MBSS_027 - MBSS_034,MBSS_027,MBSS_034,37327.5,3484.57,33842.93
MBSS_028 - MBSS_034,MBSS_028,MBSS_034,19080.22,8996.11,10084.1
MBSS_029 - MBSS_034,MBSS_029,MBSS_034,24544.11,32335.67,-7791.56
MBSS_030 - MBSS_034,MBSS_030,MBSS_034,16279.33,34708.05,-18428.72
MBSS_031 - MBSS_034,MBSS_031,MBSS_034,44767.41,34486.89,10280.52
MBSS_032 - MBSS_034,MBSS_032,MBSS_034,44464.23,30157.46,14306.77
MBSS_033 - MBSS_034,MBSS_033,MBSS_034,556.92,4051.85,-3494.93
MBSS_001 - MBSS_035,MBSS_001,MBSS_035,19238.48,14348.77,4889.71
MBSS_002 - MBSS_035,MBSS_002,MBSS_035,41442.08,3813.12,37628.95
MBSS_003 - MBSS_035,MBSS_003,MBSS_035,20459.67,6054.58,14405.09
MBSS_004 - MBSS_035,MBSS_004,MBSS_035,52063.18,11957.35,40105.84
MBSS_005 - MBSS_035,MBSS_005,MBSS_035,51397.11,14290.27,37106.84
MBSS_006 - MBSS_035,MBSS_006,MBSS_035,53454.28,23830.93,29623.36
MBSS_007 - MBSS_035,MBSS_007,MBSS_035,43243.5,10449.42,32794.09
MBSS_008 - MBSS_035,MBSS_008,MBSS_035,52176.71,13621.99,38554.72
MBSS_009 - MBSS_035,MBSS_009,MBSS_035,53233.86,8194.83,45039.03
MBSS_010 - MBSS_035,MBSS_010,MBSS_035,26693.95,8247.68,18446.28
MBSS_011 - MBSS_035,MBSS_011,MBSS_035,30372.57,8080.38,22292.19
MBSS_012 - MBSS_035,MBSS_012,MBSS_035,53535.44,23758.78,29776.66
MBSS_013 - MBSS_035,MBSS_013,MBSS_035,55343.29,23648.44,31694.85
MBSS_014 - MBSS_035,MBSS_014,MBSS_035,50806.66,521.21,50285.45
MBSS_015 - MBSS_035,MBSS_015,MBSS_035,22728.45,11920.98,10807.47
MBSS_016 - MBSS_035,MBSS_016,MBSS_035,25239.42,18801.72,6437.7
MBSS_017 - MBSS_035,MBSS_017,MBSS_035,24876.41,13734.7,11141.71
MBSS_018 - MBSS_035,MBSS_018,MBSS_035,21823.57,27636.88,-5813.31
MBSS_019 - MBSS_035,MBSS_019,MBSS_035,48598.56,27363.33,21235.23
MBSS_020 - MBSS_035,MBSS_020,MBSS_035,50643.43,19933.64,30709.79
MBSS_021 - MBSS_035,MBSS_021,MBSS_035,47280.23,15971.36,31308.87
MBSS_022 - MBSS_035,MBSS_022,MBSS_035,48826.9,24595.42,24231.48
MBSS_023 - MBSS_035,MBSS_023,MBSS_035,25048.4,12003.89,13044.51
MBSS_024 - MBSS_035,MBSS_024,MBSS_035,22137.35,18473.81,3663.54
MBSS_025 - MBSS_035,MBSS_025,MBSS_035,9178.11,26325.92,-17147.81
MBSS_026 - MBSS_035,MBSS_026,MBSS_035,46160.58,21325.84,24834.74
MBSS_027 - MBSS_035,MBSS_027,MBSS_035,20251.95,26456.06,-6204.11
MBSS_028 - MBSS_035,MBSS_028,MBSS_035,50603.29,11381.49,39221.8
MBSS_029 - MBSS_035,MBSS_029,MBSS_035,50302.05,14952.72,35349.33
MBSS_030 - MBSS_035,MBSS_030,MBSS_035,42037.28,14615.98,27421.29
MBSS_031 - MBSS_035,MBSS_031,MBSS_035,6115.83,14367.86,-8252.03
MBSS_032 - MBSS_035,MBSS_032,MBSS_035,6419.01,22785.96,-16366.95
MBSS_033 - MBSS_035,MBSS_033,MBSS_035,51440.16,23367.56,28072.6
MBSS_034 - MBSS_035,MBSS_034,MBSS_035,50883.24,20331.92,30551.32
MBSS_001 - MBSS_036,MBSS_001,MBSS_036,60643.62,16818.98,43824.64
MBSS_002 - MBSS_036,MBSS_002,MBSS_036,14663.54,10835.54,3828
MBSS_003 - MBSS_036,MBSS_003,MBSS_036,61864.81,8944.38,52920.43
MBSS_004 - MBSS_036,MBSS_004,MBSS_036,31049.77,6822.28,24227.49
MBSS_005 - MBSS_036,MBSS_005,MBSS_036,30383.7,22000.38,8383.32
MBSS_006 - MBSS_036,MBSS_006,MBSS_036,32440.87,9221.38,23219.49
MBSS_007 - MBSS_036,MBSS_007,MBSS_036,12384.27,14568.43,-2184.16
MBSS_008 - MBSS_036,MBSS_008,MBSS_036,25398.17,26512.04,-1113.87
MBSS_009 - MBSS_036,MBSS_009,MBSS_036,2393.91,22618.43,-20224.52
MBSS_010 - MBSS_036,MBSS_010,MBSS_036,38764.65,4485.15,34279.5
MBSS_011 - MBSS_036,MBSS_011,MBSS_036,71777.71,4709.41,67068.3
MBSS_012 - MBSS_036,MBSS_012,MBSS_036,32522.03,23038.7,9483.33
MBSS_013 - MBSS_036,MBSS_013,MBSS_036,7789.77,22740.36,-14950.59
MBSS_014 - MBSS_036,MBSS_014,MBSS_036,29793.25,33050.49,-3257.24
MBSS_015 - MBSS_036,MBSS_015,MBSS_036,64133.6,9414.08,54719.52
MBSS_016 - MBSS_036,MBSS_016,MBSS_036,66644.56,33243.48,33401.08
MBSS_017 - MBSS_036,MBSS_017,MBSS_036,66281.55,7108.47,59173.08
MBSS_018 - MBSS_036,MBSS_018,MBSS_036,63228.71,7462.73,55765.98
MBSS_019 - MBSS_036,MBSS_019,MBSS_036,11215.76,7787.5,3428.27
MBSS_020 - MBSS_036,MBSS_020,MBSS_036,29630.02,9483.92,20146.1
MBSS_021 - MBSS_036,MBSS_021,MBSS_036,10147.33,1191.25,8956.08
MBSS_022 - MBSS_036,MBSS_022,MBSS_036,22048.36,13374.75,8673.61
MBSS_023 - MBSS_036,MBSS_023,MBSS_036,37119.09,39376.93,-2257.83
MBSS_024 - MBSS_036,MBSS_024,MBSS_036,34208.05,4434.89,29773.16
MBSS_025 - MBSS_036,MBSS_025,MBSS_036,50583.26,5340.36,45242.9
MBSS_026 - MBSS_036,MBSS_026,MBSS_036,25147.17,8593.89,16553.28
MBSS_027 - MBSS_036,MBSS_027,MBSS_036,42072.03,34935.41,7136.62
MBSS_028 - MBSS_036,MBSS_028,MBSS_036,23824.75,37256.03,-13431.28
MBSS_029 - MBSS_036,MBSS_029,MBSS_036,29288.64,37040.5,-7751.86
MBSS_030 - MBSS_036,MBSS_030,MBSS_036,21023.87,32578.3,-11554.44
MBSS_031 - MBSS_036,MBSS_031,MBSS_036,49511.94,4899.48,44612.46
MBSS_032 - MBSS_036,MBSS_032,MBSS_036,49208.76,15159.73,34049.04
MBSS_033 - MBSS_036,MBSS_033,MBSS_036,4187.61,5872.92,-1685.31
MBSS_034 - MBSS_036,MBSS_034,MBSS_036,4744.53,8644.71,-3900.18
MBSS_035 - MBSS_036,MBSS_035,MBSS_036,55627.77,14581.68,41046.1
MBSS_001 - MBSS_037,MBSS_001,MBSS_037,17813.86,16878.79,935.07
MBSS_002 - MBSS_037,MBSS_002,MBSS_037,53345.24,26399.92,26945.32
MBSS_003 - MBSS_037,MBSS_003,MBSS_037,19035.05,11405.54,7629.52
MBSS_004 - MBSS_037,MBSS_004,MBSS_037,63966.35,16259.19,47707.15
MBSS_005 - MBSS_037,MBSS_005,MBSS_037,63300.27,10832.87,52467.41
MBSS_006 - MBSS_037,MBSS_006,MBSS_037,65357.45,7702.98,57654.47
MBSS_007 - MBSS_037,MBSS_007,MBSS_037,55146.67,8856.01,46290.65
MBSS_008 - MBSS_037,MBSS_008,MBSS_037,64079.87,26373.82,37706.06
MBSS_009 - MBSS_037,MBSS_009,MBSS_037,65137.03,26259.57,38877.46
MBSS_010 - MBSS_037,MBSS_010,MBSS_037,38597.12,2406.36,36190.76
MBSS_011 - MBSS_037,MBSS_011,MBSS_037,10900.57,2638.16,8262.4
MBSS_012 - MBSS_037,MBSS_012,MBSS_037,65438.6,25375.74,40062.87
MBSS_013 - MBSS_037,MBSS_013,MBSS_037,67246.45,996.46,66250
MBSS_014 - MBSS_037,MBSS_014,MBSS_037,62709.83,28506.65,34203.18
MBSS_015 - MBSS_037,MBSS_015,MBSS_037,7176.73,3449.11,3727.62
MBSS_016 - MBSS_037,MBSS_016,MBSS_037,5767.42,36844.13,-31076.71
MBSS_017 - MBSS_037,MBSS_017,MBSS_037,5404.41,36678.66,-31274.25
MBSS_018 - MBSS_037,MBSS_018,MBSS_037,20398.95,29305.39,-8906.43
MBSS_019 - MBSS_037,MBSS_019,MBSS_037,60501.72,23759.01,36742.71
MBSS_020 - MBSS_037,MBSS_020,MBSS_037,62546.59,32012.77,30533.82
MBSS_021 - MBSS_037,MBSS_021,MBSS_037,59183.39,20454.63,38728.76
MBSS_022 - MBSS_037,MBSS_022,MBSS_037,60730.07,7262.5,53467.57
MBSS_023 - MBSS_037,MBSS_023,MBSS_037,36951.56,35053.73,1897.83
MBSS_024 - MBSS_037,MBSS_024,MBSS_037,34040.52,28068.68,5971.83
MBSS_025 - MBSS_037,MBSS_025,MBSS_037,17483.03,36083.02,-18599.99
MBSS_026 - MBSS_037,MBSS_026,MBSS_037,58063.74,3277.15,54786.6
MBSS_027 - MBSS_037,MBSS_027,MBSS_037,32155.11,4250.58,27904.54
MBSS_028 - MBSS_037,MBSS_028,MBSS_037,62506.45,4020.52,58485.93
MBSS_029 - MBSS_037,MBSS_029,MBSS_037,62205.22,4924.69,57280.53
MBSS_030 - MBSS_037,MBSS_030,MBSS_037,53940.44,31652.6,22287.84
MBSS_031 - MBSS_037,MBSS_031,MBSS_037,20009.96,34157.93,-14147.96
MBSS_032 - MBSS_037,MBSS_032,MBSS_037,19706.78,29053.21,-9346.42
MBSS_033 - MBSS_037,MBSS_033,MBSS_037,63343.33,25293.13,38050.2
MBSS_034 - MBSS_037,MBSS_034,MBSS_037,62786.41,19840.67,42945.73
MBSS_035 - MBSS_037,MBSS_035,MBSS_037,26125.79,18920.88,7204.91
MBSS_036 - MBSS_037,MBSS_036,MBSS_037,67530.94,6661.12,60869.82
MBSS_001 - MBSS_038,MBSS_001,MBSS_038,14891.65,32286.69,-17395.05
MBSS_002 - MBSS_038,MBSS_002,MBSS_038,50423.03,17502.32,32920.71
MBSS_003 - MBSS_038,MBSS_003,MBSS_038,16112.84,22623.29,-6510.45
MBSS_004 - MBSS_038,MBSS_004,MBSS_038,61044.13,35955.8,25088.34
MBSS_005 - MBSS_038,MBSS_005,MBSS_038,60378.06,32426.7,27951.36
MBSS_006 - MBSS_038,MBSS_006,MBSS_038,62435.23,7488.12,54947.11
MBSS_007 - MBSS_038,MBSS_007,MBSS_038,52224.45,7454.99,44769.47
MBSS_008 - MBSS_038,MBSS_008,MBSS_038,61157.66,30618.52,30539.14
MBSS_009 - MBSS_038,MBSS_009,MBSS_038,62214.81,30466.37,31748.44
MBSS_010 - MBSS_038,MBSS_010,MBSS_038,35674.9,11251.09,24423.81
MBSS_011 - MBSS_038,MBSS_011,MBSS_038,7978.35,33020.65,-25042.3
MBSS_012 - MBSS_038,MBSS_012,MBSS_038,62516.39,3217.6,59298.79
MBSS_013 - MBSS_038,MBSS_013,MBSS_038,64324.24,30962.82,33361.42
MBSS_014 - MBSS_038,MBSS_014,MBSS_038,59787.61,4975.77,54811.84
MBSS_015 - MBSS_038,MBSS_015,MBSS_038,4254.52,39414.66,-35160.14
MBSS_016 - MBSS_038,MBSS_016,MBSS_038,2845.21,39231.98,-36386.77
MBSS_017 - MBSS_038,MBSS_017,MBSS_038,2482.2,31824.01,-29341.81
MBSS_018 - MBSS_038,MBSS_018,MBSS_038,17476.74,26434.29,-8957.55
MBSS_019 - MBSS_038,MBSS_019,MBSS_038,57579.51,34753.75,22825.76
MBSS_020 - MBSS_038,MBSS_020,MBSS_038,59624.38,23033.4,36590.98
MBSS_021 - MBSS_038,MBSS_021,MBSS_038,56261.18,5731.61,50529.57
MBSS_022 - MBSS_038,MBSS_022,MBSS_038,57807.85,37684.04,20123.81
MBSS_023 - MBSS_038,MBSS_023,MBSS_038,34029.35,30836.98,3192.36
MBSS_024 - MBSS_038,MBSS_024,MBSS_038,31118.3,38580.93,-7462.63
MBSS_025 - MBSS_038,MBSS_025,MBSS_038,14560.82,2187.19,12373.63
MBSS_026 - MBSS_038,MBSS_026,MBSS_038,55141.53,1887.04,53254.49
MBSS_027 - MBSS_038,MBSS_027,MBSS_038,29232.9,1538.8,27694.1
MBSS_028 - MBSS_038,MBSS_028,MBSS_038,59584.24,6621.24,52963
MBSS_029 - MBSS_038,MBSS_029,MBSS_038,59283,34254.34,25028.67
MBSS_030 - MBSS_038,MBSS_030,MBSS_038,51018.23,36323.18,14695.05
MBSS_031 - MBSS_038,MBSS_031,MBSS_038,17087.75,31662.4,-14574.65
MBSS_032 - MBSS_038,MBSS_032,MBSS_038,16784.57,27910.74,-11126.17
MBSS_033 - MBSS_038,MBSS_033,MBSS_038,60421.11,22342.3,38078.81
MBSS_034 - MBSS_038,MBSS_034,MBSS_038,59864.19,21248.55,38615.64
MBSS_035 - MBSS_038,MBSS_035,MBSS_038,23203.58,9349.33,13854.25
MBSS_036 - MBSS_038,MBSS_036,MBSS_038,64608.72,34624.09,29984.64
MBSS_037 - MBSS_038,MBSS_037,MBSS_038,2922.21,20057.89,-17135.67
MBSS_001 - MBSS_039,MBSS_001,MBSS_039,60772.06,25265.21,35506.86
MBSS_002 - MBSS_039,MBSS_002,MBSS_039,20557.11,38486.02,-17928.91
MBSS_003 - MBSS_039,MBSS_003,MBSS_039,61993.26,34878.04,27115.21
MBSS_004 - MBSS_039,MBSS_004,MBSS_039,20563.75,9827.36,10736.4
MBSS_005 - MBSS_039,MBSS_005,MBSS_039,19897.68,9846.5,10051.18
MBSS_006 - MBSS_039,MBSS_006,MBSS_039,21954.86,33343.8,-11388.94
MBSS_007 - MBSS_039,MBSS_007,MBSS_039,22358.53,33179.99,-10821.46
MBSS_008 - MBSS_039,MBSS_008,MBSS_039,31291.74,13079.05,18212.69
MBSS_009 - MBSS_039,MBSS_009,MBSS_039,32348.89,35748.46,-3399.57
MBSS_010 - MBSS_039,MBSS_010,MBSS_039,38893.1,2820.4,36072.7
MBSS_011 - MBSS_039,MBSS_011,MBSS_039,71906.15,29466.8,42439.35
MBSS_012 - MBSS_039,MBSS_012,MBSS_039,22036.01,6974.16,15061.85
MBSS_013 - MBSS_039,MBSS_013,MBSS_039,34458.32,30827.45,3630.87
MBSS_014 - MBSS_039,MBSS_014,MBSS_039,19307.23,13604.07,5703.16
MBSS_015 - MBSS_039,MBSS_015,MBSS_039,64262.04,13091.89,51170.15
MBSS_016 - MBSS_039,MBSS_016,MBSS_039,66773.01,8496.62,58276.39
MBSS_017 - MBSS_039,MBSS_017,MBSS_039,66410,12571.43,53838.57
MBSS_018 - MBSS_039,MBSS_018,MBSS_039,63357.16,16309.7,47047.45
MBSS_019 - MBSS_039,MBSS_019,MBSS_039,27713.59,11774.1,15939.49
MBSS_020 - MBSS_039,MBSS_020,MBSS_039,8917.84,36209.54,-27291.7
MBSS_021 - MBSS_039,MBSS_021,MBSS_039,26395.26,13968.44,12426.83
MBSS_022 - MBSS_039,MBSS_022,MBSS_039,27941.94,16289.92,11652.02
MBSS_023 - MBSS_039,MBSS_023,MBSS_039,37247.54,11493.32,25754.22
MBSS_024 - MBSS_039,MBSS_024,MBSS_039,34336.49,29368.4,4968.1
MBSS_025 - MBSS_039,MBSS_025,MBSS_039,50711.7,32874.52,17837.18
MBSS_026 - MBSS_039,MBSS_026,MBSS_039,9595.64,32548.88,-22953.25
MBSS_027 - MBSS_039,MBSS_027,MBSS_039,42200.48,30981.42,11219.06
MBSS_028 - MBSS_039,MBSS_028,MBSS_039,29718.32,11381.49,18336.83
MBSS_029 - MBSS_039,MBSS_029,MBSS_039,18802.62,5525.59,13277.03
MBSS_030 - MBSS_039,MBSS_030,MBSS_039,14456.86,10756.71,3700.15
MBSS_031 - MBSS_039,MBSS_031,MBSS_039,49640.39,10825.59,38814.8
MBSS_032 - MBSS_039,MBSS_032,MBSS_039,49337.21,11145.64,38191.56
MBSS_033 - MBSS_039,MBSS_033,MBSS_039,30555.19,10549.19,20006.01
MBSS_034 - MBSS_039,MBSS_034,MBSS_039,29998.27,23012.15,6986.12
MBSS_035 - MBSS_039,MBSS_035,MBSS_039,55756.22,5980.7,49775.52
MBSS_036 - MBSS_039,MBSS_036,MBSS_039,34742.81,13403.38,21339.43
MBSS_037 - MBSS_039,MBSS_037,MBSS_039,67659.38,12012.66,55646.72
MBSS_038 - MBSS_039,MBSS_038,MBSS_039,64737.17,12070.43,52666.74
MBSS_001 - MBSS_040,MBSS_001,MBSS_040,31678.89,8174.59,23504.3
MBSS_002 - MBSS_040,MBSS_002,MBSS_040,17096.4,21504.67,-4408.27
MBSS_003 - MBSS_040,MBSS_003,MBSS_040,32900.08,21579.83,11320.25
MBSS_004 - MBSS_040,MBSS_004,MBSS_040,27717.51,15068.65,12648.86
MBSS_005 - MBSS_040,MBSS_005,MBSS_040,27051.44,14548.31,12503.12
MBSS_006 - MBSS_040,MBSS_006,MBSS_040,29108.61,17986.94,11121.68
MBSS_007 - MBSS_040,MBSS_007,MBSS_040,18897.83,16205.77,2692.05
MBSS_008 - MBSS_040,MBSS_008,MBSS_040,27831.04,28952.36,-1121.33
MBSS_009 - MBSS_040,MBSS_009,MBSS_040,28888.19,31019.93,-2131.74
MBSS_010 - MBSS_040,MBSS_010,MBSS_040,9799.92,21656.17,-11856.25
MBSS_011 - MBSS_040,MBSS_011,MBSS_040,42812.98,7424.99,35387.98
MBSS_012 - MBSS_040,MBSS_012,MBSS_040,29189.77,22714.48,6475.29
MBSS_013 - MBSS_040,MBSS_013,MBSS_040,30997.62,16256.14,14741.48
MBSS_014 - MBSS_040,MBSS_014,MBSS_040,26460.99,15976.24,10484.75
MBSS_015 - MBSS_040,MBSS_015,MBSS_040,35168.87,8561.03,26607.84
MBSS_016 - MBSS_040,MBSS_016,MBSS_040,37679.83,6495.9,31183.93
MBSS_017 - MBSS_040,MBSS_017,MBSS_040,37316.82,14231.99,23084.84
MBSS_018 - MBSS_040,MBSS_018,MBSS_040,34263.98,3526.15,30737.83
MBSS_019 - MBSS_040,MBSS_019,MBSS_040,24252.88,28426.61,-4173.72
MBSS_020 - MBSS_040,MBSS_020,MBSS_040,26297.76,15068.53,11229.23
MBSS_021 - MBSS_040,MBSS_021,MBSS_040,22934.56,11973.35,10961.2
MBSS_022 - MBSS_040,MBSS_022,MBSS_040,24481.23,15091.76,9389.47
MBSS_023 - MBSS_040,MBSS_023,MBSS_040,8154.36,22306.84,-14152.48
MBSS_024 - MBSS_040,MBSS_024,MBSS_040,5243.32,25428.34,-20185.02
MBSS_025 - MBSS_040,MBSS_025,MBSS_040,21618.53,25135.74,-3517.22
MBSS_026 - MBSS_040,MBSS_026,MBSS_040,21814.91,22677.08,-862.17
MBSS_027 - MBSS_040,MBSS_027,MBSS_040,13107.3,11532.3,1575
MBSS_028 - MBSS_040,MBSS_028,MBSS_040,26257.62,13225.49,13032.13
MBSS_029 - MBSS_040,MBSS_029,MBSS_040,25956.38,9228.56,16727.82
MBSS_030 - MBSS_040,MBSS_030,MBSS_040,17691.6,6240.57,11451.03
MBSS_031 - MBSS_040,MBSS_031,MBSS_040,20547.21,2455.4,18091.81
MBSS_032 - MBSS_040,MBSS_032,MBSS_040,20244.03,2456.5,17787.53
MBSS_033 - MBSS_040,MBSS_033,MBSS_040,27094.49,14908.53,12185.96
MBSS_034 - MBSS_040,MBSS_034,MBSS_040,26537.57,11000.54,15537.03
MBSS_035 - MBSS_040,MBSS_035,MBSS_040,26663.04,4635.86,22027.19
MBSS_036 - MBSS_040,MBSS_036,MBSS_040,31282.1,5200.18,26081.92
MBSS_037 - MBSS_040,MBSS_037,MBSS_040,38566.21,15125.9,23440.31
MBSS_038 - MBSS_040,MBSS_038,MBSS_040,35643.99,11288.35,24355.64
MBSS_039 - MBSS_040,MBSS_039,MBSS_040,31410.55,13840.18,17570.37
MBSS_001 - MBSS_041,MBSS_001,MBSS_041,61972.46,13844.99,48127.47
MBSS_002 - MBSS_041,MBSS_002,MBSS_041,21757.5,12652.64,9104.87
MBSS_003 - MBSS_041,MBSS_003,MBSS_041,63193.65,12250.95,50942.7
MBSS_004 - MBSS_041,MBSS_004,MBSS_041,4893.43,11387.75,-6494.32
MBSS_005 - MBSS_041,MBSS_005,MBSS_041,5559.51,14781.97,-9222.46
MBSS_006 - MBSS_041,MBSS_006,MBSS_041,3502.33,21289,-17786.67
MBSS_007 - MBSS_041,MBSS_007,MBSS_041,23558.93,23658.29,-99.36
MBSS_008 - MBSS_041,MBSS_008,MBSS_041,32492.14,8771.59,23720.55
MBSS_009 - MBSS_041,MBSS_009,MBSS_041,33549.29,36309.59,-2760.3
MBSS_010 - MBSS_041,MBSS_010,MBSS_041,40093.49,10143.77,29949.72
MBSS_011 - MBSS_041,MBSS_011,MBSS_041,73106.55,36644.56,36461.99
MBSS_012 - MBSS_041,MBSS_012,MBSS_041,11122.12,3972.5,7149.62
MBSS_013 - MBSS_041,MBSS_013,MBSS_041,35658.72,4489.4,31169.32
MBSS_014 - MBSS_041,MBSS_014,MBSS_041,6880.95,8573.55,-1692.6
MBSS_015 - MBSS_041,MBSS_015,MBSS_041,65462.44,12460.29,53002.15
MBSS_016 - MBSS_041,MBSS_016,MBSS_041,67973.4,5086.55,62886.86
MBSS_017 - MBSS_041,MBSS_017,MBSS_041,67610.39,16053.46,51556.93
MBSS_018 - MBSS_041,MBSS_018,MBSS_041,64557.55,42758.19,21799.37
MBSS_019 - MBSS_041,MBSS_019,MBSS_041,28913.99,2167.36,26746.62
MBSS_020 - MBSS_041,MBSS_020,MBSS_041,20344.4,9144.39,11200.01
MBSS_021 - MBSS_041,MBSS_021,MBSS_041,27595.66,6088.09,21507.56
MBSS_022 - MBSS_041,MBSS_022,MBSS_041,29142.33,37951.13,-8808.8
MBSS_023 - MBSS_041,MBSS_023,MBSS_041,38447.93,40466.27,-2018.34
MBSS_024 - MBSS_041,MBSS_024,MBSS_041,35536.89,40233.75,-4696.85
MBSS_025 - MBSS_041,MBSS_025,MBSS_041,51912.1,36059.99,15852.11
MBSS_026 - MBSS_041,MBSS_026,MBSS_041,15861.55,5325.66,10535.89
MBSS_027 - MBSS_041,MBSS_027,MBSS_041,43400.87,13765.5,29635.37
MBSS_028 - MBSS_041,MBSS_028,MBSS_041,30918.72,7568.86,23349.86
MBSS_029 - MBSS_041,MBSS_029,MBSS_041,6654.56,11124.99,-4470.43
MBSS_030 - MBSS_041,MBSS_030,MBSS_041,15657.26,17068.47,-1411.21
MBSS_031 - MBSS_041,MBSS_031,MBSS_041,50840.78,19078.1,31762.68
MBSS_032 - MBSS_041,MBSS_032,MBSS_041,50537.6,29560.47,20977.13
MBSS_033 - MBSS_041,MBSS_033,MBSS_041,31755.59,10502.68,21252.91
MBSS_034 - MBSS_041,MBSS_034,MBSS_041,31198.67,19032.01,12166.66
MBSS_035 - MBSS_041,MBSS_035,MBSS_041,56956.61,13659.25,43297.36
MBSS_036 - MBSS_041,MBSS_036,MBSS_041,35943.2,5143.68,30799.52
MBSS_037 - MBSS_041,MBSS_037,MBSS_041,68859.78,8009.96,60849.82
MBSS_038 - MBSS_041,MBSS_038,MBSS_041,65937.56,29323.83,36613.73
MBSS_039 - MBSS_041,MBSS_039,MBSS_041,25457.19,29234.57,-3777.38
MBSS_040 - MBSS_041,MBSS_040,MBSS_041,32610.94,5945.23,26665.71
MBSS_001 - MBSS_042,MBSS_001,MBSS_042,20082.16,5931.51,14150.65
MBSS_002 - MBSS_042,MBSS_002,MBSS_042,30052.08,27885.32,2166.77
MBSS_003 - MBSS_042,MBSS_003,MBSS_042,21303.35,3899.01,17404.34
MBSS_004 - MBSS_042,MBSS_004,MBSS_042,40673.19,36216.91,4456.28
MBSS_005 - MBSS_042,MBSS_005,MBSS_042,40007.12,38894.02,1113.09
MBSS_006 - MBSS_042,MBSS_006,MBSS_042,42064.29,16126.35,25937.95
MBSS_007 - MBSS_042,MBSS_007,MBSS_042,31853.51,16772.27,15081.24
MBSS_008 - MBSS_042,MBSS_008,MBSS_042,40786.72,13023.95,27762.76
MBSS_009 - MBSS_042,MBSS_009,MBSS_042,41843.87,16146.63,25697.24
MBSS_010 - MBSS_042,MBSS_010,MBSS_042,15303.96,14346.68,957.29
MBSS_011 - MBSS_042,MBSS_011,MBSS_042,31216.25,24799.12,6417.13
MBSS_012 - MBSS_042,MBSS_012,MBSS_042,42145.45,24569.7,17575.75
MBSS_013 - MBSS_042,MBSS_013,MBSS_042,43953.3,17117.77,26835.53
MBSS_014 - MBSS_042,MBSS_014,MBSS_042,39416.67,12599.42,26817.25
MBSS_015 - MBSS_042,MBSS_015,MBSS_042,23572.14,21237.19,2334.95
MBSS_016 - MBSS_042,MBSS_016,MBSS_042,26083.11,8720.96,17362.15
MBSS_017 - MBSS_042,MBSS_017,MBSS_042,25720.09,19794.97,5925.12
MBSS_018 - MBSS_042,MBSS_018,MBSS_042,22667.25,23304.2,-636.95
MBSS_019 - MBSS_042,MBSS_019,MBSS_042,37208.57,17847.17,19361.4
MBSS_020 - MBSS_042,MBSS_020,MBSS_042,39253.44,23803.99,15449.45
MBSS_021 - MBSS_042,MBSS_021,MBSS_042,35890.24,13537.2,22353.04
MBSS_022 - MBSS_042,MBSS_022,MBSS_042,37436.91,16668.51,20768.4
MBSS_023 - MBSS_042,MBSS_023,MBSS_042,13658.41,16369.46,-2711.05
MBSS_024 - MBSS_042,MBSS_024,MBSS_042,10747.36,14585.36,-3837.99
MBSS_025 - MBSS_042,MBSS_025,MBSS_042,10021.8,19787.66,-9765.86
MBSS_026 - MBSS_042,MBSS_026,MBSS_042,34770.59,21595.67,13174.92
MBSS_027 - MBSS_042,MBSS_027,MBSS_042,8861.96,17262.19,-8400.23
MBSS_028 - MBSS_042,MBSS_028,MBSS_042,39213.3,13630.25,25583.05
MBSS_029 - MBSS_042,MBSS_029,MBSS_042,38912.06,7720.23,31191.83
MBSS_030 - MBSS_042,MBSS_030,MBSS_042,30647.29,6366.17,24281.12
MBSS_031 - MBSS_042,MBSS_031,MBSS_042,8950.48,6568.83,2381.66
MBSS_032 - MBSS_042,MBSS_032,MBSS_042,8647.3,19743.32,-11096.02
MBSS_033 - MBSS_042,MBSS_033,MBSS_042,40050.17,5810.72,34239.45
MBSS_034 - MBSS_042,MBSS_034,MBSS_042,39493.25,11232.95,28260.3
MBSS_035 - MBSS_042,MBSS_035,MBSS_042,15066.32,23771.6,-8705.28
MBSS_036 - MBSS_042,MBSS_036,MBSS_042,44237.78,20045.6,24192.19
MBSS_037 - MBSS_042,MBSS_037,MBSS_042,26969.48,5094.24,21875.24
MBSS_038 - MBSS_042,MBSS_038,MBSS_042,24047.27,5132.16,18915.11
MBSS_039 - MBSS_042,MBSS_039,MBSS_042,44366.23,19699.32,24666.9
MBSS_040 - MBSS_042,MBSS_040,MBSS_042,15273.05,19427.7,-4154.64
MBSS_041 - MBSS_042,MBSS_041,MBSS_042,45566.62,3569.64,41996.99
MBSS_001 - MBSS_043,MBSS_001,MBSS_043,21332.54,22065.61,-733.06
MBSS_002 - MBSS_043,MBSS_002,MBSS_043,31302.47,12580.88,18721.59
MBSS_003 - MBSS_043,MBSS_003,MBSS_043,22553.74,14882.52,7671.22
MBSS_004 - MBSS_043,MBSS_004,MBSS_043,41923.58,16487.17,25436.4
MBSS_005 - MBSS_043,MBSS_005,MBSS_043,41257.5,8782.93,32474.57
MBSS_006 - MBSS_043,MBSS_006,MBSS_043,43314.68,24753.12,18561.56
MBSS_007 - MBSS_043,MBSS_007,MBSS_043,33103.89,14144.42,18959.48
MBSS_008 - MBSS_043,MBSS_008,MBSS_043,42037.1,15118.15,26918.95
MBSS_009 - MBSS_043,MBSS_009,MBSS_043,43094.25,15467.93,27626.33
MBSS_010 - MBSS_043,MBSS_010,MBSS_043,16554.35,23824.34,-7269.99
MBSS_011 - MBSS_043,MBSS_011,MBSS_043,32466.63,23582.87,8883.77
MBSS_012 - MBSS_043,MBSS_012,MBSS_043,43395.83,16129.44,27266.39
MBSS_013 - MBSS_043,MBSS_013,MBSS_043,45203.68,11866.23,33337.46
MBSS_014 - MBSS_043,MBSS_014,MBSS_043,40667.06,20495.97,20171.09
MBSS_015 - MBSS_043,MBSS_015,MBSS_043,24822.52,7916,16906.52
MBSS_016 - MBSS_043,MBSS_016,MBSS_043,27333.49,20913.76,6419.73
MBSS_017 - MBSS_043,MBSS_017,MBSS_043,26970.48,22387.57,4582.91
MBSS_018 - MBSS_043,MBSS_018,MBSS_043,23917.64,17223.6,6694.04
MBSS_019 - MBSS_043,MBSS_019,MBSS_043,38458.95,22783.22,15675.73
MBSS_020 - MBSS_043,MBSS_020,MBSS_043,40503.82,14582.38,25921.44
MBSS_021 - MBSS_043,MBSS_021,MBSS_043,37140.62,17764.35,19376.28
MBSS_022 - MBSS_043,MBSS_022,MBSS_043,38687.3,17462.03,21225.27
MBSS_023 - MBSS_043,MBSS_023,MBSS_043,14908.79,15691.75,-782.96
MBSS_024 - MBSS_043,MBSS_024,MBSS_043,11997.75,18859.61,-6861.87
MBSS_025 - MBSS_043,MBSS_025,MBSS_043,11272.18,20475.83,-9203.65
MBSS_026 - MBSS_043,MBSS_026,MBSS_043,36020.97,16358.91,19662.06
MBSS_027 - MBSS_043,MBSS_027,MBSS_043,10112.34,12777.36,-2665.02
MBSS_028 - MBSS_043,MBSS_028,MBSS_043,40463.68,6815.36,33648.33
MBSS_029 - MBSS_043,MBSS_029,MBSS_043,40162.45,5288.64,34873.81
MBSS_030 - MBSS_043,MBSS_030,MBSS_043,31897.67,7679.42,24218.25
MBSS_031 - MBSS_043,MBSS_031,MBSS_043,10200.87,18656.31,-8455.44
MBSS_032 - MBSS_043,MBSS_032,MBSS_043,9897.69,5114.23,4783.46
MBSS_033 - MBSS_043,MBSS_033,MBSS_043,41300.55,10469.58,30830.97
MBSS_034 - MBSS_043,MBSS_034,MBSS_043,40743.64,22770.83,17972.81
MBSS_035 - MBSS_043,MBSS_035,MBSS_043,16316.7,19005.65,-2688.95
MBSS_036 - MBSS_043,MBSS_036,MBSS_043,45488.17,6204.93,39283.24
MBSS_037 - MBSS_043,MBSS_037,MBSS_043,28219.86,6250.16,21969.7
MBSS_038 - MBSS_043,MBSS_038,MBSS_043,25297.65,18943.58,6354.07
MBSS_039 - MBSS_043,MBSS_039,MBSS_043,45616.61,18653.12,26963.49
MBSS_040 - MBSS_043,MBSS_040,MBSS_043,16523.44,4109,12414.44
MBSS_041 - MBSS_043,MBSS_041,MBSS_043,46817.01,21290.37,25526.64
MBSS_042 - MBSS_043,MBSS_042,MBSS_043,1250.38,13693.04,-12442.66
MBSS_001 - MBSS_044,MBSS_001,MBSS_044,20304.87,15968.53,4336.34
MBSS_002 - MBSS_044,MBSS_002,MBSS_044,30274.8,15363.86,14910.93
MBSS_003 - MBSS_044,MBSS_003,MBSS_044,21526.07,7724.51,13801.55
MBSS_004 - MBSS_044,MBSS_004,MBSS_044,40895.9,23882.44,17013.46
MBSS_005 - MBSS_044,MBSS_005,MBSS_044,40229.83,1123.84,39105.99
MBSS_006 - MBSS_044,MBSS_006,MBSS_044,42287.01,13245.76,29041.24
MBSS_007 - MBSS_044,MBSS_007,MBSS_044,32076.22,15931.09,16145.14
MBSS_008 - MBSS_044,MBSS_008,MBSS_044,41009.43,14563.59,26445.85
MBSS_009 - MBSS_044,MBSS_009,MBSS_044,42066.58,24590.79,17475.79
MBSS_010 - MBSS_044,MBSS_010,MBSS_044,15526.67,24359.73,-8833.06
MBSS_011 - MBSS_044,MBSS_011,MBSS_044,31438.96,16907.29,14531.67
MBSS_012 - MBSS_044,MBSS_012,MBSS_044,42368.16,12426.17,29941.99
MBSS_013 - MBSS_044,MBSS_013,MBSS_044,44176.01,21064.3,23111.72
MBSS_014 - MBSS_044,MBSS_014,MBSS_044,39639.38,8534.9,31104.48
MBSS_015 - MBSS_044,MBSS_015,MBSS_044,23794.85,20017.01,3777.84
MBSS_016 - MBSS_044,MBSS_016,MBSS_044,26305.82,23104.09,3201.73
MBSS_017 - MBSS_044,MBSS_017,MBSS_044,25942.81,17693.36,8249.45
MBSS_018 - MBSS_044,MBSS_018,MBSS_044,22889.96,23589.62,-699.65
MBSS_019 - MBSS_044,MBSS_019,MBSS_044,37431.28,13753.43,23677.85
MBSS_020 - MBSS_044,MBSS_020,MBSS_044,39476.15,16890.24,22585.91
MBSS_021 - MBSS_044,MBSS_021,MBSS_044,36112.95,16590.94,19522.01
MBSS_022 - MBSS_044,MBSS_022,MBSS_044,37659.62,14795.44,22864.19
MBSS_023 - MBSS_044,MBSS_023,MBSS_044,13881.12,19585.68,-5704.56
MBSS_024 - MBSS_044,MBSS_024,MBSS_044,10970.07,21373.86,-10403.79
MBSS_025 - MBSS_044,MBSS_025,MBSS_044,10244.51,17063.6,-6819.09
MBSS_026 - MBSS_044,MBSS_026,MBSS_044,34993.3,13438.65,21554.65
MBSS_027 - MBSS_044,MBSS_027,MBSS_044,9084.67,7519.3,1565.37
MBSS_028 - MBSS_044,MBSS_028,MBSS_044,39436.01,6145.13,33290.88
MBSS_029 - MBSS_044,MBSS_029,MBSS_044,39134.77,6780.29,32354.48
MBSS_030 - MBSS_044,MBSS_030,MBSS_044,30870,19521.97,11348.03
MBSS_031 - MBSS_044,MBSS_031,MBSS_044,9173.19,5638.15,3535.05
MBSS_032 - MBSS_044,MBSS_032,MBSS_044,8870.01,11054.44,-2184.43
MBSS_033 - MBSS_044,MBSS_033,MBSS_044,40272.88,23559.76,16713.12
MBSS_034 - MBSS_044,MBSS_034,MBSS_044,39715.96,19828.85,19887.11
MBSS_035 - MBSS_044,MBSS_035,MBSS_044,15289.03,5316.6,9972.42
MBSS_036 - MBSS_044,MBSS_036,MBSS_044,44460.5,5354.36,39106.13
MBSS_037 - MBSS_044,MBSS_037,MBSS_044,27192.19,19523.88,7668.31
MBSS_038 - MBSS_044,MBSS_038,MBSS_044,24269.98,19249.19,5020.79
MBSS_039 - MBSS_044,MBSS_039,MBSS_044,44588.94,3685.3,40903.64
MBSS_040 - MBSS_044,MBSS_040,MBSS_044,15495.77,21887.28,-6391.51
MBSS_041 - MBSS_044,MBSS_041,MBSS_044,45789.34,12803.27,32986.07
MBSS_042 - MBSS_044,MBSS_042,MBSS_044,222.71,15103.43,-14880.72
MBSS_043 - MBSS_044,MBSS_043,MBSS_044,1027.67,16268.56,-15240.89
MBSS_001 - MBSS_045,MBSS_001,MBSS_045,33768.57,8563.72,25204.85
MBSS_002 - MBSS_045,MBSS_002,MBSS_045,21880.37,24559.98,-2679.6
MBSS_003 - MBSS_045,MBSS_003,MBSS_045,34989.77,222.39,34767.38
MBSS_004 - MBSS_045,MBSS_004,MBSS_045,32501.48,904.71,31596.77
MBSS_005 - MBSS_045,MBSS_005,MBSS_045,31835.4,19046,12789.41
MBSS_006 - MBSS_045,MBSS_006,MBSS_045,33892.58,11702.82,22189.76
MBSS_007 - MBSS_045,MBSS_007,MBSS_045,23681.8,20515.4,3166.39
MBSS_008 - MBSS_045,MBSS_008,MBSS_045,32615,20624.74,11990.26
MBSS_009 - MBSS_045,MBSS_009,MBSS_045,33672.16,20292.03,13380.13
MBSS_010 - MBSS_045,MBSS_010,MBSS_045,11889.61,13038.65,-1149.04
MBSS_011 - MBSS_045,MBSS_011,MBSS_045,44902.66,10955.29,33947.37
MBSS_012 - MBSS_045,MBSS_012,MBSS_045,33973.73,18981.39,14992.35
MBSS_013 - MBSS_045,MBSS_013,MBSS_045,35781.59,7215.7,28565.89
MBSS_014 - MBSS_045,MBSS_014,MBSS_045,31244.96,25767.34,5477.62
MBSS_015 - MBSS_045,MBSS_015,MBSS_045,37258.55,19656.12,17602.43
MBSS_016 - MBSS_045,MBSS_016,MBSS_045,39769.52,16540.53,23228.99
MBSS_017 - MBSS_045,MBSS_017,MBSS_045,39406.51,19223.1,20183.41
MBSS_018 - MBSS_045,MBSS_018,MBSS_045,36353.66,18950.56,17403.11
MBSS_019 - MBSS_045,MBSS_019,MBSS_045,29036.85,22416.39,6620.46
MBSS_020 - MBSS_045,MBSS_020,MBSS_045,31081.73,22092.09,8989.63
MBSS_021 - MBSS_045,MBSS_021,MBSS_045,27718.52,20803.75,6914.78
MBSS_022 - MBSS_045,MBSS_022,MBSS_045,29265.2,16147.25,13117.94
MBSS_023 - MBSS_045,MBSS_023,MBSS_045,10244.05,15785.43,-5541.38
MBSS_024 - MBSS_045,MBSS_024,MBSS_045,7333,13938.59,-6605.58
MBSS_025 - MBSS_045,MBSS_025,MBSS_045,23708.21,10974.47,12733.74
MBSS_026 - MBSS_045,MBSS_026,MBSS_045,26598.88,5717.55,20881.32
MBSS_027 - MBSS_045,MBSS_027,MBSS_045,15196.99,3058.55,12138.43
MBSS_028 - MBSS_045,MBSS_028,MBSS_045,31041.59,12785.53,18256.05
MBSS_029 - MBSS_045,MBSS_029,MBSS_045,30740.35,14502.61,16237.74
MBSS_030 - MBSS_045,MBSS_030,MBSS_045,22475.57,6054.7,16420.88
MBSS_031 - MBSS_045,MBSS_031,MBSS_045,22636.89,9547.75,13089.14
MBSS_032 - MBSS_045,MBSS_032,MBSS_045,22333.71,19381.15,2952.56
MBSS_033 - MBSS_045,MBSS_033,MBSS_045,31878.46,15348.18,16530.28
MBSS_034 - MBSS_045,MBSS_034,MBSS_045,31321.54,11096.44,20225.1
MBSS_035 - MBSS_045,MBSS_035,MBSS_045,28752.73,11191.92,17560.81
MBSS_036 - MBSS_045,MBSS_036,MBSS_045,36066.07,17400.1,18665.97
MBSS_037 - MBSS_045,MBSS_037,MBSS_045,40655.89,17003.97,23651.92
MBSS_038 - MBSS_045,MBSS_038,MBSS_045,37733.68,7589.4,30144.28
MBSS_039 - MBSS_045,MBSS_039,MBSS_045,36194.51,19538.55,16655.96
MBSS_040 - MBSS_045,MBSS_040,MBSS_045,7101.34,18505.91,-11404.57
MBSS_041 - MBSS_045,MBSS_041,MBSS_045,37394.91,20565.05,16829.86
MBSS_042 - MBSS_045,MBSS_042,MBSS_045,17362.74,10459.47,6903.27
MBSS_043 - MBSS_045,MBSS_043,MBSS_045,18613.12,4756.72,13856.4
MBSS_044 - MBSS_045,MBSS_044,MBSS_045,17585.45,21437.75,-3852.31
MBSS_001 - MBSS_046,MBSS_001,MBSS_046,57105.2,6222.89,50882.31
MBSS_002 - MBSS_046,MBSS_002,MBSS_046,10647.28,5134.57,5512.71
MBSS_003 - MBSS_046,MBSS_003,MBSS_046,58326.39,6017.11,52309.28
MBSS_004 - MBSS_046,MBSS_004,MBSS_046,27511.35,26658.25,853.1
MBSS_005 - MBSS_046,MBSS_005,MBSS_046,26845.28,6354.39,20490.89
MBSS_006 - MBSS_046,MBSS_006,MBSS_046,28902.45,27010.38,1892.07
MBSS_007 - MBSS_046,MBSS_007,MBSS_046,12926.54,10958.08,1968.46
MBSS_008 - MBSS_046,MBSS_008,MBSS_046,3141.11,10975.98,-7834.87
MBSS_009 - MBSS_046,MBSS_009,MBSS_046,22916.9,5487.1,17429.8
MBSS_010 - MBSS_046,MBSS_010,MBSS_046,35226.23,2876.09,32350.14
MBSS_011 - MBSS_046,MBSS_011,MBSS_046,68239.29,5800.03,62439.26
MBSS_012 - MBSS_046,MBSS_012,MBSS_046,28983.61,6796.23,22187.38
MBSS_013 - MBSS_046,MBSS_013,MBSS_046,25026.33,33115.21,-8088.88
MBSS_014 - MBSS_046,MBSS_014,MBSS_046,26254.83,8715.81,17539.02
MBSS_015 - MBSS_046,MBSS_015,MBSS_046,60595.18,3485.55,57109.63
MBSS_016 - MBSS_046,MBSS_016,MBSS_046,63106.14,11071.53,52034.61
MBSS_017 - MBSS_046,MBSS_017,MBSS_046,62743.13,28385.47,34357.67
MBSS_018 - MBSS_046,MBSS_018,MBSS_046,59690.29,30823.03,28867.26
MBSS_019 - MBSS_046,MBSS_019,MBSS_046,18281.6,30594.33,-12312.74
MBSS_020 - MBSS_046,MBSS_020,MBSS_046,26091.6,26467.19,-375.59
MBSS_021 - MBSS_046,MBSS_021,MBSS_046,16963.27,5789.39,11173.88
MBSS_022 - MBSS_046,MBSS_022,MBSS_046,3262.45,14278.49,-11016.04
MBSS_023 - MBSS_046,MBSS_023,MBSS_046,33580.67,3524.23,30056.44
MBSS_024 - MBSS_046,MBSS_024,MBSS_046,30669.63,2537.75,28131.88
MBSS_025 - MBSS_046,MBSS_025,MBSS_046,47044.84,8078.76,38966.07
MBSS_026 - MBSS_046,MBSS_026,MBSS_046,21608.75,10526.76,11081.99
MBSS_027 - MBSS_046,MBSS_027,MBSS_046,38533.61,19924.86,18608.76
MBSS_028 - MBSS_046,MBSS_028,MBSS_046,7778.87,10469.48,-2690.61
MBSS_029 - MBSS_046,MBSS_029,MBSS_046,25750.22,9649.58,16100.64
MBSS_030 - MBSS_046,MBSS_030,MBSS_046,17485.45,4230.95,13254.5
MBSS_031 - MBSS_046,MBSS_031,MBSS_046,45973.52,10564.33,35409.19
MBSS_032 - MBSS_046,MBSS_032,MBSS_046,45670.34,8730.27,36940.07
MBSS_033 - MBSS_046,MBSS_033,MBSS_046,21123.2,19793.79,1329.41
MBSS_034 - MBSS_046,MBSS_034,MBSS_046,20566.28,19687.61,878.67
MBSS_035 - MBSS_046,MBSS_035,MBSS_046,52089.35,4243.77,47845.59
MBSS_036 - MBSS_046,MBSS_036,MBSS_046,25310.81,3976.82,21333.99
MBSS_037 - MBSS_046,MBSS_037,MBSS_046,63992.52,18796.89,45195.63
MBSS_038 - MBSS_046,MBSS_038,MBSS_046,61070.3,6611.19,54459.12
MBSS_039 - MBSS_046,MBSS_039,MBSS_046,31204.39,26575.41,4628.98
MBSS_040 - MBSS_046,MBSS_040,MBSS_046,27743.68,29268.27,-1524.59
MBSS_041 - MBSS_046,MBSS_041,MBSS_046,32404.78,12955.2,19449.58
MBSS_042 - MBSS_046,MBSS_042,MBSS_046,40699.36,8692.71,32006.66
MBSS_043 - MBSS_046,MBSS_043,MBSS_046,41949.75,9652.56,32297.19
MBSS_044 - MBSS_046,MBSS_044,MBSS_046,40922.08,15458.29,25463.78
MBSS_045 - MBSS_046,MBSS_045,MBSS_046,32527.65,14700.16,17827.49
MBSS_001 - MBSS_047,MBSS_001,MBSS_047,57750.48,15281.79,42468.69
MBSS_002 - MBSS_047,MBSS_002,MBSS_047,17535.52,13375.91,4159.61
MBSS_003 - MBSS_047,MBSS_003,MBSS_047,58971.67,30788.07,28183.61
MBSS_004 - MBSS_047,MBSS_004,MBSS_047,17542.17,5956.5,11585.67
MBSS_005 - MBSS_047,MBSS_005,MBSS_047,16876.1,32044.24,-15168.15
MBSS_006 - MBSS_047,MBSS_006,MBSS_047,18933.27,11695.67,7237.6
MBSS_007 - MBSS_047,MBSS_007,MBSS_047,19336.95,11170.94,8166.01
MBSS_008 - MBSS_047,MBSS_008,MBSS_047,28270.16,7294.56,20975.59
MBSS_009 - MBSS_047,MBSS_009,MBSS_047,29327.31,12307.28,17020.03
MBSS_010 - MBSS_047,MBSS_010,MBSS_047,35871.51,14996,20875.51
MBSS_011 - MBSS_047,MBSS_011,MBSS_047,68884.57,12164.43,56720.14
MBSS_012 - MBSS_047,MBSS_012,MBSS_047,19014.43,37554.24,-18539.82
MBSS_013 - MBSS_047,MBSS_013,MBSS_047,31436.74,12226.54,19210.2
MBSS_014 - MBSS_047,MBSS_014,MBSS_047,16285.65,15419.96,865.69
MBSS_015 - MBSS_047,MBSS_015,MBSS_047,61240.46,9539.3,51701.16
MBSS_016 - MBSS_047,MBSS_016,MBSS_047,63751.42,30883.63,32867.79
MBSS_017 - MBSS_047,MBSS_017,MBSS_047,63388.41,34309.25,29079.16
MBSS_018 - MBSS_047,MBSS_018,MBSS_047,60335.57,33991.32,26344.26
MBSS_019 - MBSS_047,MBSS_019,MBSS_047,24692,32113.58,-7421.58
MBSS_020 - MBSS_047,MBSS_020,MBSS_047,5896.26,9893.04,-3996.78
MBSS_021 - MBSS_047,MBSS_021,MBSS_047,23373.68,3853.13,19520.55
MBSS_022 - MBSS_047,MBSS_022,MBSS_047,24920.35,9642.39,15277.96
MBSS_023 - MBSS_047,MBSS_023,MBSS_047,34225.95,10373.35,23852.61
MBSS_024 - MBSS_047,MBSS_024,MBSS_047,31314.91,11768.94,19545.97
MBSS_025 - MBSS_047,MBSS_025,MBSS_047,47690.12,11598.01,36092.11
MBSS_026 - MBSS_047,MBSS_026,MBSS_047,6574.05,24211.31,-17637.26
MBSS_027 - MBSS_047,MBSS_027,MBSS_047,39178.89,4046.79,35132.11
MBSS_028 - MBSS_047,MBSS_028,MBSS_047,26696.74,14149.84,12546.9
MBSS_029 - MBSS_047,MBSS_029,MBSS_047,15781.04,11972.9,3808.14
MBSS_030 - MBSS_047,MBSS_030,MBSS_047,11435.27,10151.33,1283.94
MBSS_031 - MBSS_047,MBSS_031,MBSS_047,46618.8,6386.89,40231.91
MBSS_032 - MBSS_047,MBSS_032,MBSS_047,46315.62,22836.57,23479.06
MBSS_033 - MBSS_047,MBSS_033,MBSS_047,27533.61,22892.43,4641.18
MBSS_034 - MBSS_047,MBSS_034,MBSS_047,26976.69,13863.45,13113.24
MBSS_035 - MBSS_047,MBSS_035,MBSS_047,52734.63,13343.02,39391.62
MBSS_036 - MBSS_047,MBSS_036,MBSS_047,31721.22,19517.89,12203.34
MBSS_037 - MBSS_047,MBSS_037,MBSS_047,64637.8,14781.17,49856.63
MBSS_038 - MBSS_047,MBSS_038,MBSS_047,61715.58,30316.72,31398.86
MBSS_039 - MBSS_047,MBSS_039,MBSS_047,3021.58,32471.17,-29449.58
MBSS_040 - MBSS_047,MBSS_040,MBSS_047,28388.96,2003.44,26385.52
MBSS_041 - MBSS_047,MBSS_041,MBSS_047,22435.6,9549.19,12886.41
MBSS_042 - MBSS_047,MBSS_042,MBSS_047,41344.64,14393.35,26951.3
MBSS_043 - MBSS_047,MBSS_043,MBSS_047,42595.03,17765.65,24829.38
MBSS_044 - MBSS_047,MBSS_044,MBSS_047,41567.36,16644.01,24923.34
MBSS_045 - MBSS_047,MBSS_045,MBSS_047,33172.93,17544.24,15628.69
MBSS_046 - MBSS_047,MBSS_046,MBSS_047,28182.8,11933.47,16249.33
MBSS_001 - MBSS_048,MBSS_001,MBSS_048,14511.19,12245.42,2265.77
MBSS_002 - MBSS_048,MBSS_002,MBSS_048,36714.79,8163.5,28551.29
MBSS_003 - MBSS_048,MBSS_003,MBSS_048,15732.38,21430.88,-5698.5
MBSS_004 - MBSS_048,MBSS_004,MBSS_048,47335.89,9912.57,37423.32
MBSS_005 - MBSS_048,MBSS_005,MBSS_048,46669.82,30054.91,16614.91
MBSS_006 - MBSS_048,MBSS_006,MBSS_048,48727,29835.29,18891.71
MBSS_007 - MBSS_048,MBSS_007,MBSS_048,38516.21,22387.42,16128.8
MBSS_008 - MBSS_048,MBSS_008,MBSS_048,47449.42,17540.48,29908.94
MBSS_009 - MBSS_048,MBSS_009,MBSS_048,48506.57,26123.64,22382.93
MBSS_010 - MBSS_048,MBSS_010,MBSS_048,21966.67,13825.24,8141.43
MBSS_011 - MBSS_048,MBSS_011,MBSS_048,25645.28,14824.07,10821.21
MBSS_012 - MBSS_048,MBSS_012,MBSS_048,48808.15,28495.66,20312.49
MBSS_013 - MBSS_048,MBSS_013,MBSS_048,50616,22497.62,28118.38
MBSS_014 - MBSS_048,MBSS_014,MBSS_048,46079.37,29086.77,16992.6
MBSS_015 - MBSS_048,MBSS_015,MBSS_048,18001.17,8252.95,9748.22
MBSS_016 - MBSS_048,MBSS_016,MBSS_048,20512.13,11487.54,9024.59
MBSS_017 - MBSS_048,MBSS_017,MBSS_048,20149.12,11173.23,8975.89
MBSS_018 - MBSS_048,MBSS_018,MBSS_048,17096.28,10562.21,6534.07
MBSS_019 - MBSS_048,MBSS_019,MBSS_048,43871.27,24998.42,18872.85
MBSS_020 - MBSS_048,MBSS_020,MBSS_048,45916.14,26672.95,19243.19
MBSS_021 - MBSS_048,MBSS_021,MBSS_048,42552.94,22446.5,20106.44
MBSS_022 - MBSS_048,MBSS_022,MBSS_048,44099.62,18758.37,25341.25
MBSS_023 - MBSS_048,MBSS_023,MBSS_048,20321.11,12944.8,7376.31
MBSS_024 - MBSS_048,MBSS_024,MBSS_048,17410.06,11624.86,5785.2
MBSS_025 - MBSS_048,MBSS_025,MBSS_048,4450.82,3507.56,943.27
MBSS_026 - MBSS_048,MBSS_026,MBSS_048,41433.29,24983.44,16449.86
MBSS_027 - MBSS_048,MBSS_027,MBSS_048,15524.66,10841.43,4683.24
MBSS_028 - MBSS_048,MBSS_028,MBSS_048,45876,16242.9,29633.1
MBSS_029 - MBSS_048,MBSS_029,MBSS_048,45574.76,29046.37,16528.39
MBSS_030 - MBSS_048,MBSS_030,MBSS_048,37309.99,25329.31,11980.68
MBSS_031 - MBSS_048,MBSS_031,MBSS_048,1388.54,1184.93,203.62
MBSS_032 - MBSS_048,MBSS_032,MBSS_048,1691.72,1474.27,217.46
MBSS_033 - MBSS_048,MBSS_033,MBSS_048,46712.87,24624.2,22088.67
MBSS_034 - MBSS_048,MBSS_034,MBSS_048,46155.95,24391.4,21764.56
MBSS_035 - MBSS_048,MBSS_035,MBSS_048,4727.29,3823.75,903.53
MBSS_036 - MBSS_048,MBSS_036,MBSS_048,50900.49,27018.13,23882.36
MBSS_037 - MBSS_048,MBSS_037,MBSS_048,21398.51,7562.72,13835.79
MBSS_038 - MBSS_048,MBSS_038,MBSS_048,18476.29,9662.24,8814.05
MBSS_039 - MBSS_048,MBSS_039,MBSS_048,51028.93,21413.12,29615.81
MBSS_040 - MBSS_048,MBSS_040,MBSS_048,21935.76,14058.12,7877.64
MBSS_041 - MBSS_048,MBSS_041,MBSS_048,52229.33,29873.4,22355.93
MBSS_042 - MBSS_048,MBSS_042,MBSS_048,10339.03,5284.31,5054.72
MBSS_043 - MBSS_048,MBSS_043,MBSS_048,11589.41,6336.36,5253.05
MBSS_044 - MBSS_048,MBSS_044,MBSS_048,10561.74,5500.51,5061.23
MBSS_045 - MBSS_048,MBSS_045,MBSS_048,24025.44,10956.26,13069.18
MBSS_046 - MBSS_048,MBSS_046,MBSS_048,47362.07,20416.54,26945.52
MBSS_047 - MBSS_048,MBSS_047,MBSS_048,48007.35,22823.12,25184.22
